-- 1
INSERT INTO Country(CountryID,Name,CountryCode,Continent) VALUES(1,"Afghanistan","93","ASIA");
INSERT INTO Country(CountryID,Name,CountryCode,Continent) VALUES(2,"Albania","355","EUROPE");
INSERT INTO Country(CountryID,Name,CountryCode,Continent) VALUES(3,"Algeria","213","AFRICA");
INSERT INTO Country(CountryID,Name,CountryCode,Continent) VALUES(4,"Andorra","376","EUROPE");
INSERT INTO Country(CountryID,Name,CountryCode,Continent) VALUES(5,"Angola","244","AFRICA");
INSERT INTO Country(CountryID,Name,CountryCode,Continent) VALUES(6,"Anguilla","1264","NA");
INSERT INTO Country(CountryID,Name,CountryCode,Continent) VALUES(7,"Antarctica","6721","AN");
INSERT INTO Country(CountryID,Name,CountryCode,Continent) VALUES(8,"Antigua and Barbuda","1268","NA");
INSERT INTO Country(CountryID,Name,CountryCode,Continent) VALUES(9,"Argentina","54","SA");
INSERT INTO Country(CountryID,Name,CountryCode,Continent) VALUES(10,"Armenia","374","ASIA");
INSERT INTO Country(CountryID,Name,CountryCode,Continent) VALUES(11,"Aruba","297","NA");
INSERT INTO Country(CountryID,Name,CountryCode,Continent) VALUES(12,"Australia","61","OC");
INSERT INTO Country(CountryID,Name,CountryCode,Continent) VALUES(13,"Austria","43","EU");
INSERT INTO Country(CountryID,Name,CountryCode,Continent) VALUES(14,"Azerbaijan","994","ASIA");
INSERT INTO Country(CountryID,Name,CountryCode,Continent) VALUES(15,"Bahamas","1242","NA");
INSERT INTO Country(CountryID,Name,CountryCode,Continent) VALUES(16,"Bahrain","973","ASIA");
INSERT INTO Country(CountryID,Name,CountryCode,Continent) VALUES(17,"Bangladesh","880","ASIA");
INSERT INTO Country(CountryID,Name,CountryCode,Continent) VALUES(18,"Barbados","1246","NA");
INSERT INTO Country(CountryID,Name,CountryCode,Continent) VALUES(19,"Belarus","375","EU");
INSERT INTO Country(CountryID,Name,CountryCode,Continent) VALUES(20,"Belgium","32","EU");
INSERT INTO Country(CountryID,Name,CountryCode,Continent) VALUES(21,"Belize","501","NA");
INSERT INTO Country(CountryID,Name,CountryCode,Continent) VALUES(22,"Benin","229","AFRICA");
INSERT INTO Country(CountryID,Name,CountryCode,Continent) VALUES(23,"Bermuda","1441","NA");
INSERT INTO Country(CountryID,Name,CountryCode,Continent) VALUES(24,"Bhutan","975","ASIA");
INSERT INTO Country(CountryID,Name,CountryCode,Continent) VALUES(25,"Bolivia","591","SA");
INSERT INTO Country(CountryID,Name,CountryCode,Continent) VALUES(26,"Bonaire","5997","NA");
INSERT INTO Country(CountryID,Name,CountryCode,Continent) VALUES(27,"Bosnia","387","EU");
INSERT INTO Country(CountryID,Name,CountryCode,Continent) VALUES(28,"Botswana","267","AFRICA");
INSERT INTO Country(CountryID,Name,CountryCode,Continent) VALUES(29,"Bouvet Island","47","AN");
INSERT INTO Country(CountryID,Name,CountryCode,Continent) VALUES(30,"Brazil","55","SA");
INSERT INTO Country(CountryID,Name,CountryCode,Continent) VALUES(31,"Brunei","673","ASIA");
INSERT INTO Country(CountryID,Name,CountryCode,Continent) VALUES(32,"Bulgeria","359","EU");
INSERT INTO Country(CountryID,Name,CountryCode,Continent) VALUES(33,"Burkina Faso","226","AFRICA");
INSERT INTO Country(CountryID,Name,CountryCode,Continent) VALUES(34,"Burundi","257","AFRICA");
INSERT INTO Country(CountryID,Name,CountryCode,Continent) VALUES(35,"Cambodia","855","ASIA");
INSERT INTO Country(CountryID,Name,CountryCode,Continent) VALUES(36,"Cameroon","237","AFRICA");
INSERT INTO Country(CountryID,Name,CountryCode,Continent) VALUES(37,"Canada","1","NA");
INSERT INTO Country(CountryID,Name,CountryCode,Continent) VALUES(38,"Cape Verde","238","AFRICA");
INSERT INTO Country(CountryID,Name,CountryCode,Continent) VALUES(39,"Central Rep","236","AFRICA");
INSERT INTO Country(CountryID,Name,CountryCode,Continent) VALUES(40,"Chad","235","AFRICA");
INSERT INTO Country(CountryID,Name,CountryCode,Continent) VALUES(41,"Chile","56","SA");
INSERT INTO Country(CountryID,Name,CountryCode,Continent) VALUES(42,"China","86","ASIA");
INSERT INTO Country(CountryID,Name,CountryCode,Continent) VALUES(43,"Christmas Island","61","ASIA");
INSERT INTO Country(CountryID,Name,CountryCode,Continent) VALUES(44,"Cocos","61","ASIA");
INSERT INTO Country(CountryID,Name,CountryCode,Continent) VALUES(45,"Colombia","57","SA");
INSERT INTO Country(CountryID,Name,CountryCode,Continent) VALUES(46,"Comoros","269","ASIA");
INSERT INTO Country(CountryID,Name,CountryCode,Continent) VALUES(47,"DRC","242","AFRICA");
INSERT INTO Country(CountryID,Name,CountryCode,Continent) VALUES(48,"Congo","243","AFRICA");
INSERT INTO Country(CountryID,Name,CountryCode,Continent) VALUES(49,"Cook Islands","682","OC");
INSERT INTO Country(CountryID,Name,CountryCode,Continent) VALUES(50,"Costa Rica","506","NA");
INSERT INTO Country(CountryID,Name,CountryCode,Continent) VALUES(51,"Cote Divore","225","AFRICA");
INSERT INTO Country(CountryID,Name,CountryCode,Continent) VALUES(52,"Croatia","385","EU");
INSERT INTO Country(CountryID,Name,CountryCode,Continent) VALUES(53,"Cuba","53","NA");
INSERT INTO Country(CountryID,Name,CountryCode,Continent) VALUES(54,"Curacao","599","NA");
INSERT INTO Country(CountryID,Name,CountryCode,Continent) VALUES(55,"Cyprus","357","ASIA");
INSERT INTO Country(CountryID,Name,CountryCode,Continent) VALUES(56,"Czech Republic","420","EU");
INSERT INTO Country(CountryID,Name,CountryCode,Continent) VALUES(57,"Denmark","45","EU");
INSERT INTO Country(CountryID,Name,CountryCode,Continent) VALUES(58,"Djibouti","253","AFRICA");
INSERT INTO Country(CountryID,Name,CountryCode,Continent) VALUES(59,"Dominica","1767","NA");
INSERT INTO Country(CountryID,Name,CountryCode,Continent) VALUES(60,"Dominican Republic","809","NA");
INSERT INTO Country(CountryID,Name,CountryCode,Continent) VALUES(61,"Ecuador","593","SA");
INSERT INTO Country(CountryID,Name,CountryCode,Continent) VALUES(62,"Egypt","20","AFRICA");
INSERT INTO Country(CountryID,Name,CountryCode,Continent) VALUES(63,"El Salvador","503","NA");
INSERT INTO Country(CountryID,Name,CountryCode,Continent) VALUES(64,"Equatorial Guinea","240","AFRICA");
INSERT INTO Country(CountryID,Name,CountryCode,Continent) VALUES(65,"Eritrea","291","AFRICA");
INSERT INTO Country(CountryID,Name,CountryCode,Continent) VALUES(66,"Estonia","372","EU");
INSERT INTO Country(CountryID,Name,CountryCode,Continent) VALUES(67,"Ethiopia","251","AFRICA");
INSERT INTO Country(CountryID,Name,CountryCode,Continent) VALUES(68,"Malvinas","500","SA");
INSERT INTO Country(CountryID,Name,CountryCode,Continent) VALUES(69,"Faroe","298","EU");
INSERT INTO Country(CountryID,Name,CountryCode,Continent) VALUES(70,"Fiji","679","OC");
INSERT INTO Country(CountryID,Name,CountryCode,Continent) VALUES(71,"Finland","358","EU");
INSERT INTO Country(CountryID,Name,CountryCode,Continent) VALUES(72,"France","33","EU");
INSERT INTO Country(CountryID,Name,CountryCode,Continent) VALUES(73,"French Guiana","594","SA");
INSERT INTO Country(CountryID,Name,CountryCode,Continent) VALUES(74,"Gabon","241","AFRICA");
INSERT INTO Country(CountryID,Name,CountryCode,Continent) VALUES(75,"Gambia","220","AFRICA");
INSERT INTO Country(CountryID,Name,CountryCode,Continent) VALUES(76,"Georgia","995","ASIA");
INSERT INTO Country(CountryID,Name,CountryCode,Continent) VALUES(77,"Germany","49","EU");
INSERT INTO Country(CountryID,Name,CountryCode,Continent) VALUES(78,"Ghana","233","AFRICA");
INSERT INTO Country(CountryID,Name,CountryCode,Continent) VALUES(79,"Gibraltar","350","EU");
INSERT INTO Country(CountryID,Name,CountryCode,Continent) VALUES(80,"Greece","30","EU");
INSERT INTO Country(CountryID,Name,CountryCode,Continent) VALUES(81,"Greenland","299","NA");
INSERT INTO Country(CountryID,Name,CountryCode,Continent) VALUES(82,"Guadeloupe","590","NA");
INSERT INTO Country(CountryID,Name,CountryCode,Continent) VALUES(83,"Guam","OC","OC");
INSERT INTO Country(CountryID,Name,CountryCode,Continent) VALUES(84,"Guatemala","502","NA");
INSERT INTO Country(CountryID,Name,CountryCode,Continent) VALUES(85,"Guarnsey","44","EU");
INSERT INTO Country(CountryID,Name,CountryCode,Continent) VALUES(86,"Guinea","224","AFRICA");
INSERT INTO Country(CountryID,Name,CountryCode,Continent) VALUES(87,"Guyana","592","SA");
INSERT INTO Country(CountryID,Name,CountryCode,Continent) VALUES(88,"Haiti","509","NA");
INSERT INTO Country(CountryID,Name,CountryCode,Continent) VALUES(89,"Honduras","504","NA");
INSERT INTO Country(CountryID,Name,CountryCode,Continent) VALUES(90,"Hong Kong","852","asia");
INSERT INTO Country(CountryID,Name,CountryCode,Continent) VALUES(91,"Iceland","354","EU");
INSERT INTO Country(CountryID,Name,CountryCode,Continent) VALUES(92,"India","91","ASIA");
INSERT INTO Country(CountryID,Name,CountryCode,Continent) VALUES(93,"Indonesia","62","ASIA");
INSERT INTO Country(CountryID,Name,CountryCode,Continent) VALUES(94,"Iran","98","ASIA");
INSERT INTO Country(CountryID,Name,CountryCode,Continent) VALUES(95,"Iraq","964","ASIA");
INSERT INTO Country(CountryID,Name,CountryCode,Continent) VALUES(96,"Ireland","353","EU");
INSERT INTO Country(CountryID,Name,CountryCode,Continent) VALUES(97,"Israel","972","ASIA");
INSERT INTO Country(CountryID,Name,CountryCode,Continent) VALUES(98,"Italy","39","EU");
INSERT INTO Country(CountryID,Name,CountryCode,Continent) VALUES(99,"Japan","81","ASIA");
INSERT INTO Country(CountryID,Name,CountryCode,Continent) VALUES(100,"Kenya","254","AFRICA");


-- 2
INSERT INTO StateProvince(StateProvinceID,CountryID,Name) VALUES(1,1,"State1");
INSERT INTO StateProvince(StateProvinceID,CountryID,Name) VALUES(2,1,"State2");
INSERT INTO StateProvince(StateProvinceID,CountryID,Name) VALUES(3,1,"State3");
INSERT INTO StateProvince(StateProvinceID,CountryID,Name) VALUES(4,1,"State4");
INSERT INTO StateProvince(StateProvinceID,CountryID,Name) VALUES(5,1,"State5");
INSERT INTO StateProvince(StateProvinceID,CountryID,Name) VALUES(6,1,"State6");
INSERT INTO StateProvince(StateProvinceID,CountryID,Name) VALUES(7,1,"State7");
INSERT INTO StateProvince(StateProvinceID,CountryID,Name) VALUES(8,1,"State8");
INSERT INTO StateProvince(StateProvinceID,CountryID,Name) VALUES(9,1,"State9");
INSERT INTO StateProvince(StateProvinceID,CountryID,Name) VALUES(10,1,"State10");
INSERT INTO StateProvince(StateProvinceID,CountryID,Name) VALUES(11,2,"State11");
INSERT INTO StateProvince(StateProvinceID,CountryID,Name) VALUES(12,12,"State12");
INSERT INTO StateProvince(StateProvinceID,CountryID,Name) VALUES(13,13,"State13");
INSERT INTO StateProvince(StateProvinceID,CountryID,Name) VALUES(14,1,"State14");
INSERT INTO StateProvince(StateProvinceID,CountryID,Name) VALUES(15,15,"State15");
INSERT INTO StateProvince(StateProvinceID,CountryID,Name) VALUES(16,16,"State16");
INSERT INTO StateProvince(StateProvinceID,CountryID,Name) VALUES(17,18,"State17");
INSERT INTO StateProvince(StateProvinceID,CountryID,Name) VALUES(18,17,"State18");
INSERT INTO StateProvince(StateProvinceID,CountryID,Name) VALUES(19,1,"State19");
INSERT INTO StateProvince(StateProvinceID,CountryID,Name) VALUES(20,3,"State20");
INSERT INTO StateProvince(StateProvinceID,CountryID,Name) VALUES(21,4,"State21");
INSERT INTO StateProvince(StateProvinceID,CountryID,Name) VALUES(22,5,"State22");
INSERT INTO StateProvince(StateProvinceID,CountryID,Name) VALUES(23,6,"State23");
INSERT INTO StateProvince(StateProvinceID,CountryID,Name) VALUES(24,6,"State24");
INSERT INTO StateProvince(StateProvinceID,CountryID,Name) VALUES(25,7,"State25");
INSERT INTO StateProvince(StateProvinceID,CountryID,Name) VALUES(26,8,"State26");
INSERT INTO StateProvince(StateProvinceID,CountryID,Name) VALUES(27,8,"State27");
INSERT INTO StateProvince(StateProvinceID,CountryID,Name) VALUES(28,10,"State28");
INSERT INTO StateProvince(StateProvinceID,CountryID,Name) VALUES(29,11,"State29");
INSERT INTO StateProvince(StateProvinceID,CountryID,Name) VALUES(30,17,"State30");
INSERT INTO StateProvince(StateProvinceID,CountryID,Name) VALUES(31,18,"State31");
INSERT INTO StateProvince(StateProvinceID,CountryID,Name) VALUES(32,19,"State32");
INSERT INTO StateProvince(StateProvinceID,CountryID,Name) VALUES(33,20,"State33");
INSERT INTO StateProvince(StateProvinceID,CountryID,Name) VALUES(34,21,"State34");
INSERT INTO StateProvince(StateProvinceID,CountryID,Name) VALUES(35,21,"State35");
INSERT INTO StateProvince(StateProvinceID,CountryID,Name) VALUES(36,36,"State36");
INSERT INTO StateProvince(StateProvinceID,CountryID,Name) VALUES(37,37,"State37");
INSERT INTO StateProvince(StateProvinceID,CountryID,Name) VALUES(38,13,"State38");
INSERT INTO StateProvince(StateProvinceID,CountryID,Name) VALUES(39,15,"State39");
INSERT INTO StateProvince(StateProvinceID,CountryID,Name) VALUES(40,40,"State40");
INSERT INTO StateProvince(StateProvinceID,CountryID,Name) VALUES(41,41,"State41");
INSERT INTO StateProvince(StateProvinceID,CountryID,Name) VALUES(42,41,"State42");
INSERT INTO StateProvince(StateProvinceID,CountryID,Name) VALUES(43,41,"State43");
INSERT INTO StateProvince(StateProvinceID,CountryID,Name) VALUES(44,32,"State44");
INSERT INTO StateProvince(StateProvinceID,CountryID,Name) VALUES(45,33,"State45");
INSERT INTO StateProvince(StateProvinceID,CountryID,Name) VALUES(46,47,"State46");
INSERT INTO StateProvince(StateProvinceID,CountryID,Name) VALUES(47,47,"State47");
INSERT INTO StateProvince(StateProvinceID,CountryID,Name) VALUES(48,7,"State48");
INSERT INTO StateProvince(StateProvinceID,CountryID,Name) VALUES(49,12,"State49");
INSERT INTO StateProvince(StateProvinceID,CountryID,Name) VALUES(50,31,"State50");
INSERT INTO StateProvince(StateProvinceID,CountryID,Name) VALUES(51,19,"State51");
INSERT INTO StateProvince(StateProvinceID,CountryID,Name) VALUES(52,10,"State52");
INSERT INTO StateProvince(StateProvinceID,CountryID,Name) VALUES(53,11,"State53");
INSERT INTO StateProvince(StateProvinceID,CountryID,Name) VALUES(54,21,"State54");
INSERT INTO StateProvince(StateProvinceID,CountryID,Name) VALUES(55,32,"State55");
INSERT INTO StateProvince(StateProvinceID,CountryID,Name) VALUES(56,1,"State56");
INSERT INTO StateProvince(StateProvinceID,CountryID,Name) VALUES(57,1,"State57");
INSERT INTO StateProvince(StateProvinceID,CountryID,Name) VALUES(58,1,"State58");
INSERT INTO StateProvince(StateProvinceID,CountryID,Name) VALUES(59,11,"State59");
INSERT INTO StateProvince(StateProvinceID,CountryID,Name) VALUES(60,3,"State60");
INSERT INTO StateProvince(StateProvinceID,CountryID,Name) VALUES(61,14,"State61");
INSERT INTO StateProvince(StateProvinceID,CountryID,Name) VALUES(62,1,"State62");
INSERT INTO StateProvince(StateProvinceID,CountryID,Name) VALUES(63,1,"State63");
INSERT INTO StateProvince(StateProvinceID,CountryID,Name) VALUES(64,1,"State64");
INSERT INTO StateProvince(StateProvinceID,CountryID,Name) VALUES(65,1,"State65");
INSERT INTO StateProvince(StateProvinceID,CountryID,Name) VALUES(66,9,"State66");
INSERT INTO StateProvince(StateProvinceID,CountryID,Name) VALUES(67,10,"State67");
INSERT INTO StateProvince(StateProvinceID,CountryID,Name) VALUES(68,60,"State68");
INSERT INTO StateProvince(StateProvinceID,CountryID,Name) VALUES(69,1,"State69");
INSERT INTO StateProvince(StateProvinceID,CountryID,Name) VALUES(70,70,"State70");
INSERT INTO StateProvince(StateProvinceID,CountryID,Name) VALUES(71,1,"State71");
INSERT INTO StateProvince(StateProvinceID,CountryID,Name) VALUES(72,12,"State72");
INSERT INTO StateProvince(StateProvinceID,CountryID,Name) VALUES(73,73,"State73");
INSERT INTO StateProvince(StateProvinceID,CountryID,Name) VALUES(74,1,"State74");
INSERT INTO StateProvince(StateProvinceID,CountryID,Name) VALUES(75,1,"State75");
INSERT INTO StateProvince(StateProvinceID,CountryID,Name) VALUES(76,15,"State76");
INSERT INTO StateProvince(StateProvinceID,CountryID,Name) VALUES(77,2,"State77");
INSERT INTO StateProvince(StateProvinceID,CountryID,Name) VALUES(78,9,"State78");
INSERT INTO StateProvince(StateProvinceID,CountryID,Name) VALUES(79,12,"State79");
INSERT INTO StateProvince(StateProvinceID,CountryID,Name) VALUES(80,1,"State80");
INSERT INTO StateProvince(StateProvinceID,CountryID,Name) VALUES(81,1,"State81");
INSERT INTO StateProvince(StateProvinceID,CountryID,Name) VALUES(82,1,"82");
INSERT INTO StateProvince(StateProvinceID,CountryID,Name) VALUES(83,1,"State83");
INSERT INTO StateProvince(StateProvinceID,CountryID,Name) VALUES(84,1,"State84");
INSERT INTO StateProvince(StateProvinceID,CountryID,Name) VALUES(85,1,"State85");
INSERT INTO StateProvince(StateProvinceID,CountryID,Name) VALUES(86,1,"State86");
INSERT INTO StateProvince(StateProvinceID,CountryID,Name) VALUES(87,1,"State87");
INSERT INTO StateProvince(StateProvinceID,CountryID,Name) VALUES(88,1,"State88");
INSERT INTO StateProvince(StateProvinceID,CountryID,Name) VALUES(89,1,"State89");
INSERT INTO StateProvince(StateProvinceID,CountryID,Name) VALUES(90,1,"State90");
INSERT INTO StateProvince(StateProvinceID,CountryID,Name) VALUES(91,1,"State91");
INSERT INTO StateProvince(StateProvinceID,CountryID,Name) VALUES(92,1,"State1");
INSERT INTO StateProvince(StateProvinceID,CountryID,Name) VALUES(93,1,"State93");
INSERT INTO StateProvince(StateProvinceID,CountryID,Name) VALUES(94,1,"State94");
INSERT INTO StateProvince(StateProvinceID,CountryID,Name) VALUES(95,1,"State95");
INSERT INTO StateProvince(StateProvinceID,CountryID,Name) VALUES(96,1,"State96");
INSERT INTO StateProvince(StateProvinceID,CountryID,Name) VALUES(97,1,"State97");

-- 3
INSERT INTO ADDRESS(AddressID,AddressLine1,AddressLine2,City,StateProvinceID) VALUES(1,"Ol-221","02-w2","New York",1);
INSERT INTO ADDRESS(AddressID,AddressLine1,AddressLine2,City,StateProvinceID) VALUES(2,"2Ol-221","02-w2","New York",1);
INSERT INTO ADDRESS(AddressID,AddressLine1,AddressLine2,City,StateProvinceID) VALUES(3,"Ol-221","02-w2","New York",1);
INSERT INTO ADDRESS(AddressID,AddressLine1,AddressLine2,City,StateProvinceID) VALUES(4,"O4l-221","02-w2","New York",1);
INSERT INTO ADDRESS(AddressID,AddressLine1,AddressLine2,City,StateProvinceID) VALUES(5,"O5l-221","02-w2","New York",1);
INSERT INTO ADDRESS(AddressID,AddressLine1,AddressLine2,City,StateProvinceID) VALUES(6,"O6l-221","02-w2","New York",1);
INSERT INTO ADDRESS(AddressID,AddressLine1,AddressLine2,City,StateProvinceID) VALUES(7,"O7l-221","02-w2","New York",1);
INSERT INTO ADDRESS(AddressID,AddressLine1,AddressLine2,City,StateProvinceID) VALUES(8,"O8l-221","02-w2","New York",1);
INSERT INTO ADDRESS(AddressID,AddressLine1,AddressLine2,City,StateProvinceID) VALUES(9,"O9l-221","02-w2","New York",1);
INSERT INTO ADDRESS(AddressID,AddressLine1,AddressLine2,City,StateProvinceID) VALUES(10,"O0l-221","02-w2","New York",1);
INSERT INTO ADDRESS(AddressID,AddressLine1,AddressLine2,City,StateProvinceID) VALUES(11,"O01l-221","02-w2","New York",1);
INSERT INTO ADDRESS(AddressID,AddressLine1,AddressLine2,City,StateProvinceID) VALUES(12,"O2l-221","02-w2","New York",1);
INSERT INTO ADDRESS(AddressID,AddressLine1,AddressLine2,City,StateProvinceID) VALUES(13,"Ol3-221","02-w2","New York",1);
INSERT INTO ADDRESS(AddressID,AddressLine1,AddressLine2,City,StateProvinceID) VALUES(14,"O5l-221","02-w2","New York",1);
INSERT INTO ADDRESS(AddressID,AddressLine1,AddressLine2,City,StateProvinceID) VALUES(15,"Ol5-221","02-w2","New York",1);
INSERT INTO ADDRESS(AddressID,AddressLine1,AddressLine2,City,StateProvinceID) VALUES(16,"Ol6-221","02-w2","New York",1);
INSERT INTO ADDRESS(AddressID,AddressLine1,AddressLine2,City,StateProvinceID) VALUES(17,"Ol6-221","02-w2","New York",1);
INSERT INTO ADDRESS(AddressID,AddressLine1,AddressLine2,City,StateProvinceID) VALUES(18,"O9l-221","02-w2","New York",1);
INSERT INTO ADDRESS(AddressID,AddressLine1,AddressLine2,City,StateProvinceID) VALUES(19,"O9l-221","02-w2","New York",1);
INSERT INTO ADDRESS(AddressID,AddressLine1,AddressLine2,City,StateProvinceID) VALUES(20,"O23l-221","02-w2","New York",1);
INSERT INTO ADDRESS(AddressID,AddressLine1,AddressLine2,City,StateProvinceID) VALUES(21,"Ol34-221","02-w2","New York",1);
INSERT INTO ADDRESS(AddressID,AddressLine1,AddressLine2,City,StateProvinceID) VALUES(22,"O22l-221","02-w2","New York",1);
INSERT INTO ADDRESS(AddressID,AddressLine1,AddressLine2,City,StateProvinceID) VALUES(23,"O23l-221","02-w2","New York",1);
INSERT INTO ADDRESS(AddressID,AddressLine1,AddressLine2,City,StateProvinceID) VALUES(24,"O42l-221","02-w2","New York",1);
INSERT INTO ADDRESS(AddressID,AddressLine1,AddressLine2,City,StateProvinceID) VALUES(25,"O5l-221","02-w2","New York",1);
INSERT INTO ADDRESS(AddressID,AddressLine1,AddressLine2,City,StateProvinceID) VALUES(26,"Ol45-221","02-w2","New York",1);
INSERT INTO ADDRESS(AddressID,AddressLine1,AddressLine2,City,StateProvinceID) VALUES(27,"23Ol-221","02-w2","New York",1);
INSERT INTO ADDRESS(AddressID,AddressLine1,AddressLine2,City,StateProvinceID) VALUES(28,"23Ol-221","02-w2","New York",1);
INSERT INTO ADDRESS(AddressID,AddressLine1,AddressLine2,City,StateProvinceID) VALUES(29,"29Ol-221","02-w2","New York",1);
INSERT INTO ADDRESS(AddressID,AddressLine1,AddressLine2,City,StateProvinceID) VALUES(30,"30Ol-221","02-w2","New York",1);
INSERT INTO ADDRESS(AddressID,AddressLine1,AddressLine2,City,StateProvinceID) VALUES(31,"31Ol-221","02-w2","New York",1);
INSERT INTO ADDRESS(AddressID,AddressLine1,AddressLine2,City,StateProvinceID) VALUES(32,"32Ol-221","02-w2","New York",1);
INSERT INTO ADDRESS(AddressID,AddressLine1,AddressLine2,City,StateProvinceID) VALUES(33,"33Ol-221","02-w2","New York",1);
INSERT INTO ADDRESS(AddressID,AddressLine1,AddressLine2,City,StateProvinceID) VALUES(34,"34Ol-221","02-w2","New York",1);
INSERT INTO ADDRESS(AddressID,AddressLine1,AddressLine2,City,StateProvinceID) VALUES(35,"35Ol-221","02-w2","New York",1);
INSERT INTO ADDRESS(AddressID,AddressLine1,AddressLine2,City,StateProvinceID) VALUES(36,"36Ol-221","02-w2","New York",1);
INSERT INTO ADDRESS(AddressID,AddressLine1,AddressLine2,City,StateProvinceID) VALUES(37,"37Ol-221","02-w2","New York",1);
INSERT INTO ADDRESS(AddressID,AddressLine1,AddressLine2,City,StateProvinceID) VALUES(38,"38Ol-221","02-w2","New York",1);
INSERT INTO ADDRESS(AddressID,AddressLine1,AddressLine2,City,StateProvinceID) VALUES(39,"34Ol-221","02-w2","New York",1);
INSERT INTO ADDRESS(AddressID,AddressLine1,AddressLine2,City,StateProvinceID) VALUES(40,"40Ol-221","02-w2","New York",1);
INSERT INTO ADDRESS(AddressID,AddressLine1,AddressLine2,City,StateProvinceID) VALUES(41,"4Ol-221","02-w2","New York",1);
INSERT INTO ADDRESS(AddressID,AddressLine1,AddressLine2,City,StateProvinceID) VALUES(42,"3Ol-221","02-w2","New York",1);
INSERT INTO ADDRESS(AddressID,AddressLine1,AddressLine2,City,StateProvinceID) VALUES(43,"Ol-221","02-w2","New York",1);
INSERT INTO ADDRESS(AddressID,AddressLine1,AddressLine2,City,StateProvinceID) VALUES(44,"O44l-221","02-w2","New York",1);
INSERT INTO ADDRESS(AddressID,AddressLine1,AddressLine2,City,StateProvinceID) VALUES(45,"Ol4-221","02-w2","New York",1);
INSERT INTO ADDRESS(AddressID,AddressLine1,AddressLine2,City,StateProvinceID) VALUES(46,"46Ol-221","02-w2","New York",1);
INSERT INTO ADDRESS(AddressID,AddressLine1,AddressLine2,City,StateProvinceID) VALUES(47,"47Ol-221","02-w2","New York",1);
INSERT INTO ADDRESS(AddressID,AddressLine1,AddressLine2,City,StateProvinceID) VALUES(48,"48Ol-221","02-w2","New York",1);
INSERT INTO ADDRESS(AddressID,AddressLine1,AddressLine2,City,StateProvinceID) VALUES(49,"49Ol-221","02-w2","New York",1);
INSERT INTO ADDRESS(AddressID,AddressLine1,AddressLine2,City,StateProvinceID) VALUES(50,"50Ol-221","02-w2","New York",1);
INSERT INTO ADDRESS(AddressID,AddressLine1,AddressLine2,City,StateProvinceID) VALUES(51,"51Ol-221","02-w2","New York",1);
INSERT INTO ADDRESS(AddressID,AddressLine1,AddressLine2,City,StateProvinceID) VALUES(52,"Ol23-221","02-w2","New York",1);
INSERT INTO ADDRESS(AddressID,AddressLine1,AddressLine2,City,StateProvinceID) VALUES(53,"O3l-221","02-w2","New York",1);
INSERT INTO ADDRESS(AddressID,AddressLine1,AddressLine2,City,StateProvinceID) VALUES(54,"54Ol-221","02-w2","New York",1);
INSERT INTO ADDRESS(AddressID,AddressLine1,AddressLine2,City,StateProvinceID) VALUES(55,"55Ol-221","02-w2","New York",1);
INSERT INTO ADDRESS(AddressID,AddressLine1,AddressLine2,City,StateProvinceID) VALUES(56,"44Ol-221","02-w2","New York",1);
INSERT INTO ADDRESS(AddressID,AddressLine1,AddressLine2,City,StateProvinceID) VALUES(57,"57Ol-221","02-w2","New York",1);
INSERT INTO ADDRESS(AddressID,AddressLine1,AddressLine2,City,StateProvinceID) VALUES(58,"O58l-221","02-w2","New York",1);
INSERT INTO ADDRESS(AddressID,AddressLine1,AddressLine2,City,StateProvinceID) VALUES(59,"59Ol-221","02-w2","New York",1);
INSERT INTO ADDRESS(AddressID,AddressLine1,AddressLine2,City,StateProvinceID) VALUES(60,"Ol-221","02-w2","New York",1);
INSERT INTO ADDRESS(AddressID,AddressLine1,AddressLine2,City,StateProvinceID) VALUES(61,"61Ol-221","02-w2","New York",1);
INSERT INTO ADDRESS(AddressID,AddressLine1,AddressLine2,City,StateProvinceID) VALUES(62,"Ol-221","02-w2","New York",1);
INSERT INTO ADDRESS(AddressID,AddressLine1,AddressLine2,City,StateProvinceID) VALUES(63,"Ol-221","02-w2","New York",1);
INSERT INTO ADDRESS(AddressID,AddressLine1,AddressLine2,City,StateProvinceID) VALUES(64,"78Ol-221","02-w2","New York",1);
INSERT INTO ADDRESS(AddressID,AddressLine1,AddressLine2,City,StateProvinceID) VALUES(65,"Ol-221","02-w2","New York",1);
INSERT INTO ADDRESS(AddressID,AddressLine1,AddressLine2,City,StateProvinceID) VALUES(66,"O66l-221","02-w2","New York",1);
INSERT INTO ADDRESS(AddressID,AddressLine1,AddressLine2,City,StateProvinceID) VALUES(67,"89Ol-221","02-w2","New York",1);
INSERT INTO ADDRESS(AddressID,AddressLine1,AddressLine2,City,StateProvinceID) VALUES(68,"68Ol-221","02-w2","New York",1);
INSERT INTO ADDRESS(AddressID,AddressLine1,AddressLine2,City,StateProvinceID) VALUES(69,"69Ol-221","02-w2","New York",1);
INSERT INTO ADDRESS(AddressID,AddressLine1,AddressLine2,City,StateProvinceID) VALUES(70,"70Ol-221","02-w2","New York",1);
INSERT INTO ADDRESS(AddressID,AddressLine1,AddressLine2,City,StateProvinceID) VALUES(71,"71Ol-221","02-w2","New York",1);
INSERT INTO ADDRESS(AddressID,AddressLine1,AddressLine2,City,StateProvinceID) VALUES(72,"O72l-221","02-w2","New York",1);
INSERT INTO ADDRESS(AddressID,AddressLine1,AddressLine2,City,StateProvinceID) VALUES(73,"O3l-221","02-w2","New York",1);
INSERT INTO ADDRESS(AddressID,AddressLine1,AddressLine2,City,StateProvinceID) VALUES(74,"O4l-221","02-w2","New York",1);
INSERT INTO ADDRESS(AddressID,AddressLine1,AddressLine2,City,StateProvinceID) VALUES(75,"75Ol-221","02-w2","New York",1);
INSERT INTO ADDRESS(AddressID,AddressLine1,AddressLine2,City,StateProvinceID) VALUES(76,"O76l-221","02-w2","New York",1);
INSERT INTO ADDRESS(AddressID,AddressLine1,AddressLine2,City,StateProvinceID) VALUES(77,"77Ol-221","02-w2","New York",1);
INSERT INTO ADDRESS(AddressID,AddressLine1,AddressLine2,City,StateProvinceID) VALUES(78,"78Ol-221","02-w2","New York",1);
INSERT INTO ADDRESS(AddressID,AddressLine1,AddressLine2,City,StateProvinceID) VALUES(79,"79Ol-221","02-w2","New York",1);
INSERT INTO ADDRESS(AddressID,AddressLine1,AddressLine2,City,StateProvinceID) VALUES(80,"80Ol-221","02-w2","New York",1);
INSERT INTO ADDRESS(AddressID,AddressLine1,AddressLine2,City,StateProvinceID) VALUES(81,"O81l-221","02-w2","New York",1);
INSERT INTO ADDRESS(AddressID,AddressLine1,AddressLine2,City,StateProvinceID) VALUES(82,"O82l-221","02-w2","New York",1);
INSERT INTO ADDRESS(AddressID,AddressLine1,AddressLine2,City,StateProvinceID) VALUES(83,"O83l-221","02-w2","New York",1);
INSERT INTO ADDRESS(AddressID,AddressLine1,AddressLine2,City,StateProvinceID) VALUES(84,"84Ol-221","02-w2","New York",1);
INSERT INTO ADDRESS(AddressID,AddressLine1,AddressLine2,City,StateProvinceID) VALUES(85,"2Ol-221","02-w2","New York",1);
INSERT INTO ADDRESS(AddressID,AddressLine1,AddressLine2,City,StateProvinceID) VALUES(86,"O86l-221","02-w2","New York",1);
INSERT INTO ADDRESS(AddressID,AddressLine1,AddressLine2,City,StateProvinceID) VALUES(87,"Ol-221","02-w2","New York",1);
INSERT INTO ADDRESS(AddressID,AddressLine1,AddressLine2,City,StateProvinceID) VALUES(88,"89Ol-221","02-w2","New York",1);
INSERT INTO ADDRESS(AddressID,AddressLine1,AddressLine2,City,StateProvinceID) VALUES(89,"O88l-221","02-w2","New York",1);
INSERT INTO ADDRESS(AddressID,AddressLine1,AddressLine2,City,StateProvinceID) VALUES(90,"90Ol-221","02-w2","New York",1);
INSERT INTO ADDRESS(AddressID,AddressLine1,AddressLine2,City,StateProvinceID) VALUES(91,"O1l-221","02-w2","New York",1);
INSERT INTO ADDRESS(AddressID,AddressLine1,AddressLine2,City,StateProvinceID) VALUES(92,"O92l-221","02-w2","New York",1);
INSERT INTO ADDRESS(AddressID,AddressLine1,AddressLine2,City,StateProvinceID) VALUES(93,"93Ol-221","02-w2","New York",1);
INSERT INTO ADDRESS(AddressID,AddressLine1,AddressLine2,City,StateProvinceID) VALUES(94,"94Ol-221","02-w2","New York",1);
INSERT INTO ADDRESS(AddressID,AddressLine1,AddressLine2,City,StateProvinceID) VALUES(95,"O95l-221","02-w2","New York",1);
INSERT INTO ADDRESS(AddressID,AddressLine1,AddressLine2,City,StateProvinceID) VALUES(96,"Ol-221","02-w2","New York",1);
INSERT INTO ADDRESS(AddressID,AddressLine1,AddressLine2,City,StateProvinceID) VALUES(97,"97Ol-221","02-w2","New York",1);
INSERT INTO ADDRESS(AddressID,AddressLine1,AddressLine2,City,StateProvinceID) VALUES(98,"Ol-221","02-w2","New York",1);
INSERT INTO ADDRESS(AddressID,AddressLine1,AddressLine2,City,StateProvinceID) VALUES(99,"Ol-221","02-w2","New York",1);
INSERT INTO ADDRESS(AddressID,AddressLine1,AddressLine2,City,StateProvinceID) VALUES(100,"Ol-221","02-w2","New York",1);


-- 4
INSERT INTO Disease(DiseaseID,DiseaseName,Status,Conditions,Diagnosis,OtherInformation) VALUES(1,"Malaria","Severe","Fever,Vomiting","Antimalarial","Regular checkups");
INSERT INTO Disease(DiseaseID,DiseaseName,Status,Conditions,Diagnosis,OtherInformation) VALUES(2,"Dis2","Severe","Fever,Vomiting","Antimalarial","Regular checkups");
INSERT INTO Disease(DiseaseID,DiseaseName,Status,Conditions,Diagnosis,OtherInformation) VALUES(3,"Dis3","Severe","Fever,Vomiting","Antimalarial","Regular checkups");
INSERT INTO Disease(DiseaseID,DiseaseName,Status,Conditions,Diagnosis,OtherInformation) VALUES(4,"Dis4","Severe","Fever,Vomiting","Antimalarial","Regular checkups");
INSERT INTO Disease(DiseaseID,DiseaseName,Status,Conditions,Diagnosis,OtherInformation) VALUES(5,"Dis5","Severe","Fever,Vomiting","Antimalarial","Regular checkups");
INSERT INTO Disease(DiseaseID,DiseaseName,Status,Conditions,Diagnosis,OtherInformation) VALUES(6,"Dis6","Severe","Fever,Vomiting","Antimalarial","Regular checkups");
INSERT INTO Disease(DiseaseID,DiseaseName,Status,Conditions,Diagnosis,OtherInformation) VALUES(7,"Dis7","Severe","Fever,Vomiting","Antimalarial","Regular checkups");
INSERT INTO Disease(DiseaseID,DiseaseName,Status,Conditions,Diagnosis,OtherInformation) VALUES(8,"Dis8","Severe","Fever,Vomiting","Antimalarial","Regular checkups");
INSERT INTO Disease(DiseaseID,DiseaseName,Status,Conditions,Diagnosis,OtherInformation) VALUES(9,"Dis9","Severe","Fever,Vomiting","Antimalarial","Regular checkups");
INSERT INTO Disease(DiseaseID,DiseaseName,Status,Conditions,Diagnosis,OtherInformation) VALUES(10,"Dis10","Severe","Fever,Vomiting","Antimalarial","Regular checkups");
INSERT INTO Disease(DiseaseID,DiseaseName,Status,Conditions,Diagnosis,OtherInformation) VALUES(11,"Dis11","Severe","Fever,Vomiting","Antimalarial","Regular checkups");
INSERT INTO Disease(DiseaseID,DiseaseName,Status,Conditions,Diagnosis,OtherInformation) VALUES(12,"Dis12","Severe","Fever,Vomiting","Antimalarial","Regular checkups");
INSERT INTO Disease(DiseaseID,DiseaseName,Status,Conditions,Diagnosis,OtherInformation) VALUES(13,"Dis13","Severe","Fever,Vomiting","Antimalarial","Regular checkups");
INSERT INTO Disease(DiseaseID,DiseaseName,Status,Conditions,Diagnosis,OtherInformation) VALUES(14,"Dis14","Severe","Fever,Vomiting","Antimalarial","Regular checkups");
INSERT INTO Disease(DiseaseID,DiseaseName,Status,Conditions,Diagnosis,OtherInformation) VALUES(15,"Dis15","Severe","Fever,Vomiting","Antimalarial","Regular checkups");
INSERT INTO Disease(DiseaseID,DiseaseName,Status,Conditions,Diagnosis,OtherInformation) VALUES(16,"Dis16","Severe","Fever,Vomiting","Antimalarial","Regular checkups");
INSERT INTO Disease(DiseaseID,DiseaseName,Status,Conditions,Diagnosis,OtherInformation) VALUES(17,"Dis17","Severe","Fever,Vomiting","Antimalarial","Regular checkups");
INSERT INTO Disease(DiseaseID,DiseaseName,Status,Conditions,Diagnosis,OtherInformation) VALUES(18,"Dis18","Severe","Fever,Vomiting","Antimalarial","Regular checkups");
INSERT INTO Disease(DiseaseID,DiseaseName,Status,Conditions,Diagnosis,OtherInformation) VALUES(19,"Dis19","Severe","Fever,Vomiting","Antimalarial","Regular checkups");
INSERT INTO Disease(DiseaseID,DiseaseName,Status,Conditions,Diagnosis,OtherInformation) VALUES(20,"Dis20","Severe","Fever,Vomiting","Antimalarial","Regular checkups");
INSERT INTO Disease(DiseaseID,DiseaseName,Status,Conditions,Diagnosis,OtherInformation) VALUES(21,"Dis21","Severe","Fever,Vomiting","Antimalarial","Regular checkups");
INSERT INTO Disease(DiseaseID,DiseaseName,Status,Conditions,Diagnosis,OtherInformation) VALUES(22,"Dis22","Severe","Fever,Vomiting","Antimalarial","Regular checkups");
INSERT INTO Disease(DiseaseID,DiseaseName,Status,Conditions,Diagnosis,OtherInformation) VALUES(23,"Dis23","Severe","Fever,Vomiting","Antimalarial","Regular checkups");
INSERT INTO Disease(DiseaseID,DiseaseName,Status,Conditions,Diagnosis,OtherInformation) VALUES(24,"Dis24","Severe","Fever,Vomiting","Antimalarial","Regular checkups");
INSERT INTO Disease(DiseaseID,DiseaseName,Status,Conditions,Diagnosis,OtherInformation) VALUES(25,"Dis25","Severe","Fever,Vomiting","Antimalarial","Regular checkups");
INSERT INTO Disease(DiseaseID,DiseaseName,Status,Conditions,Diagnosis,OtherInformation) VALUES(26,"Dis26","Severe","Fever,Vomiting","Antimalarial","Regular checkups");
INSERT INTO Disease(DiseaseID,DiseaseName,Status,Conditions,Diagnosis,OtherInformation) VALUES(27,"Dis27","Severe","Fever,Vomiting","Antimalarial","Regular checkups");
INSERT INTO Disease(DiseaseID,DiseaseName,Status,Conditions,Diagnosis,OtherInformation) VALUES(28,"Dis28","Severe","Fever,Vomiting","Antimalarial","Regular checkups");
INSERT INTO Disease(DiseaseID,DiseaseName,Status,Conditions,Diagnosis,OtherInformation) VALUES(29,"Dis29","Severe","Fever,Vomiting","Antimalarial","Regular checkups");
INSERT INTO Disease(DiseaseID,DiseaseName,Status,Conditions,Diagnosis,OtherInformation) VALUES(30,"Dis30","Severe","Fever,Vomiting","Antimalarial","Regular checkups");
INSERT INTO Disease(DiseaseID,DiseaseName,Status,Conditions,Diagnosis,OtherInformation) VALUES(31,"Dis1","Severe","Fever,Vomiting","Antimalarial","Regular checkups");
INSERT INTO Disease(DiseaseID,DiseaseName,Status,Conditions,Diagnosis,OtherInformation) VALUES(32,"Dis32","Severe","Fever,Vomiting","Antimalarial","Regular checkups");

INSERT INTO Disease(DiseaseID,DiseaseName,Status,Conditions,Diagnosis,OtherInformation) VALUES(33,"Dis34","Severe","Fever,Vomiting","Antimalarial","Regular checkups");
INSERT INTO Disease(DiseaseID,DiseaseName,Status,Conditions,Diagnosis,OtherInformation) VALUES(34,"Dis35","Severe","Fever,Vomiting","Antimalarial","Regular checkups");
INSERT INTO Disease(DiseaseID,DiseaseName,Status,Conditions,Diagnosis,OtherInformation) VALUES(35,"Dis35","Severe","Fever,Vomiting","Antimalarial","Regular checkups");
INSERT INTO Disease(DiseaseID,DiseaseName,Status,Conditions,Diagnosis,OtherInformation) VALUES(36,"Dis36","Severe","Fever,Vomiting","Antimalarial","Regular checkups");
INSERT INTO Disease(DiseaseID,DiseaseName,Status,Conditions,Diagnosis,OtherInformation) VALUES(37,"Dis37","Severe","Fever,Vomiting","Antimalarial","Regular checkups");
INSERT INTO Disease(DiseaseID,DiseaseName,Status,Conditions,Diagnosis,OtherInformation) VALUES(38,"Dis38","Severe","Fever,Vomiting","Antimalarial","Regular checkups");
INSERT INTO Disease(DiseaseID,DiseaseName,Status,Conditions,Diagnosis,OtherInformation) VALUES(39,"Dis39","Severe","Fever,Vomiting","Antimalarial","Regular checkups");
INSERT INTO Disease(DiseaseID,DiseaseName,Status,Conditions,Diagnosis,OtherInformation) VALUES(40,"Dis40","Severe","Fever,Vomiting","Antimalarial","Regular checkups");
INSERT INTO Disease(DiseaseID,DiseaseName,Status,Conditions,Diagnosis,OtherInformation) VALUES(41,"Dis41","Severe","Fever,Vomiting","Antimalarial","Regular checkups");
INSERT INTO Disease(DiseaseID,DiseaseName,Status,Conditions,Diagnosis,OtherInformation) VALUES(42,"Dis42","Severe","Fever,Vomiting","Antimalarial","Regular checkups");
INSERT INTO Disease(DiseaseID,DiseaseName,Status,Conditions,Diagnosis,OtherInformation) VALUES(43,"Dis43","Severe","Fever,Vomiting","Antimalarial","Regular checkups");
INSERT INTO Disease(DiseaseID,DiseaseName,Status,Conditions,Diagnosis,OtherInformation) VALUES(44,"Dis44","Severe","Fever,Vomiting","Antimalarial","Regular checkups");
INSERT INTO Disease(DiseaseID,DiseaseName,Status,Conditions,Diagnosis,OtherInformation) VALUES(45,"Dis45","Severe","Fever,Vomiting","Antimalarial","Regular checkups");
INSERT INTO Disease(DiseaseID,DiseaseName,Status,Conditions,Diagnosis,OtherInformation) VALUES(46,"Dis46","Severe","Fever,Vomiting","Antimalarial","Regular checkups");
INSERT INTO Disease(DiseaseID,DiseaseName,Status,Conditions,Diagnosis,OtherInformation) VALUES(47,"Dis47","Severe","Fever,Vomiting","Antimalarial","Regular checkups");
INSERT INTO Disease(DiseaseID,DiseaseName,Status,Conditions,Diagnosis,OtherInformation) VALUES(48,"Dis48","Severe","Fever,Vomiting","Antimalarial","Regular checkups");
INSERT INTO Disease(DiseaseID,DiseaseName,Status,Conditions,Diagnosis,OtherInformation) VALUES(49,"Dis49","Severe","Fever,Vomiting","Antimalarial","Regular checkups");
INSERT INTO Disease(DiseaseID,DiseaseName,Status,Conditions,Diagnosis,OtherInformation) VALUES(50,"Dis50","Severe","Fever,Vomiting","Antimalarial","Regular checkups");
INSERT INTO Disease(DiseaseID,DiseaseName,Status,Conditions,Diagnosis,OtherInformation) VALUES(51,"Dis51","Severe","Fever,Vomiting","Antimalarial","Regular checkups");
INSERT INTO Disease(DiseaseID,DiseaseName,Status,Conditions,Diagnosis,OtherInformation) VALUES(52,"Dis52","Severe","Fever,Vomiting","Antimalarial","Regular checkups");
INSERT INTO Disease(DiseaseID,DiseaseName,Status,Conditions,Diagnosis,OtherInformation) VALUES(53,"Dis53","Severe","Fever,Vomiting","Antimalarial","Regular checkups");
INSERT INTO Disease(DiseaseID,DiseaseName,Status,Conditions,Diagnosis,OtherInformation) VALUES(54,"Dis54","Severe","Fever,Vomiting","Antimalarial","Regular checkups");
INSERT INTO Disease(DiseaseID,DiseaseName,Status,Conditions,Diagnosis,OtherInformation) VALUES(55,"Dis55","Severe","Fever,Vomiting","Antimalarial","Regular checkups");
INSERT INTO Disease(DiseaseID,DiseaseName,Status,Conditions,Diagnosis,OtherInformation) VALUES(56,"Dis56","Severe","Fever,Vomiting","Antimalarial","Regular checkups");
INSERT INTO Disease(DiseaseID,DiseaseName,Status,Conditions,Diagnosis,OtherInformation) VALUES(57,"Dis57","Severe","Fever,Vomiting","Antimalarial","Regular checkups");
INSERT INTO Disease(DiseaseID,DiseaseName,Status,Conditions,Diagnosis,OtherInformation) VALUES(58,"Dis58","Severe","Fever,Vomiting","Antimalarial","Regular checkups");
INSERT INTO Disease(DiseaseID,DiseaseName,Status,Conditions,Diagnosis,OtherInformation) VALUES(59,"Dis59","Severe","Fever,Vomiting","Antimalarial","Regular checkups");
INSERT INTO Disease(DiseaseID,DiseaseName,Status,Conditions,Diagnosis,OtherInformation) VALUES(60,"Dis60","Severe","Fever,Vomiting","Antimalarial","Regular checkups");
INSERT INTO Disease(DiseaseID,DiseaseName,Status,Conditions,Diagnosis,OtherInformation) VALUES(61,"Dis61","Severe","Fever,Vomiting","Antimalarial","Regular checkups");
INSERT INTO Disease(DiseaseID,DiseaseName,Status,Conditions,Diagnosis,OtherInformation) VALUES(62,"Dis62","Severe","Fever,Vomiting","Antimalarial","Regular checkups");
INSERT INTO Disease(DiseaseID,DiseaseName,Status,Conditions,Diagnosis,OtherInformation) VALUES(63,"Dis63","Severe","Fever,Vomiting","Antimalarial","Regular checkups");
INSERT INTO Disease(DiseaseID,DiseaseName,Status,Conditions,Diagnosis,OtherInformation) VALUES(64,"Dis64","Severe","Fever,Vomiting","Antimalarial","Regular checkups");
INSERT INTO Disease(DiseaseID,DiseaseName,Status,Conditions,Diagnosis,OtherInformation) VALUES(65,"Dis65","Severe","Fever,Vomiting","Antimalarial","Regular checkups");
INSERT INTO Disease(DiseaseID,DiseaseName,Status,Conditions,Diagnosis,OtherInformation) VALUES(66,"Dis66","Severe","Fever,Vomiting","Antimalarial","Regular checkups");
INSERT INTO Disease(DiseaseID,DiseaseName,Status,Conditions,Diagnosis,OtherInformation) VALUES(67,"Dis67","Severe","Fever,Vomiting","Antimalarial","Regular checkups");
INSERT INTO Disease(DiseaseID,DiseaseName,Status,Conditions,Diagnosis,OtherInformation) VALUES(68,"Dis68","Severe","Fever,Vomiting","Antimalarial","Regular checkups");
INSERT INTO Disease(DiseaseID,DiseaseName,Status,Conditions,Diagnosis,OtherInformation) VALUES(69,"Dis1","Severe","Fever,Vomiting","Antimalarial","Regular checkups");
INSERT INTO Disease(DiseaseID,DiseaseName,Status,Conditions,Diagnosis,OtherInformation) VALUES(70,"Dis70","Severe","Fever,Vomiting","Antimalarial","Regular checkups");

-- 5
INSERT INTO Contact(ContactID,PhoneNumber1,PhoneNumber2,PhoneNumber3)VALUES(1,"011123334","01123333","");
INSERT INTO Contact(ContactID,PhoneNumber1,PhoneNumber2,PhoneNumber3)VALUES(2,"011123335","01122333","");
INSERT INTO Contact(ContactID,PhoneNumber1,PhoneNumber2,PhoneNumber3)VALUES(3,"011123336","01122333","");
INSERT INTO Contact(ContactID,PhoneNumber1,PhoneNumber2,PhoneNumber3)VALUES(4,"011123337","01223333","");
INSERT INTO Contact(ContactID,PhoneNumber1,PhoneNumber2,PhoneNumber3)VALUES(5,"011123338","01122333","");
INSERT INTO Contact(ContactID,PhoneNumber1,PhoneNumber2,PhoneNumber3)VALUES(6,"011123339","01123333","");
INSERT INTO Contact(ContactID,PhoneNumber1,PhoneNumber2,PhoneNumber3)VALUES(7,"011123330","01122333","");
INSERT INTO Contact(ContactID,PhoneNumber1,PhoneNumber2,PhoneNumber3)VALUES(8,"011123331","01122333","");
INSERT INTO Contact(ContactID,PhoneNumber1,PhoneNumber2,PhoneNumber3)VALUES(9,"0111233349","01122333","");
INSERT INTO Contact(ContactID,PhoneNumber1,PhoneNumber2,PhoneNumber3)VALUES(10,"011123330","01223333","");
INSERT INTO Contact(ContactID,PhoneNumber1,PhoneNumber2,PhoneNumber3)VALUES(11,"0141123334","01123333","");
INSERT INTO Contact(ContactID,PhoneNumber1,PhoneNumber2,PhoneNumber3)VALUES(12,"0411123335","01122333","");
INSERT INTO Contact(ContactID,PhoneNumber1,PhoneNumber2,PhoneNumber3)VALUES(13,"0141123336","01122333","");
INSERT INTO Contact(ContactID,PhoneNumber1,PhoneNumber2,PhoneNumber3)VALUES(14,"0141123337","01223333","");
INSERT INTO Contact(ContactID,PhoneNumber1,PhoneNumber2,PhoneNumber3)VALUES(15,"0141123338","01122333","");
INSERT INTO Contact(ContactID,PhoneNumber1,PhoneNumber2,PhoneNumber3)VALUES(16,"0114123339","01123333","");
INSERT INTO Contact(ContactID,PhoneNumber1,PhoneNumber2,PhoneNumber3)VALUES(17,"0141123330","01122333","");
INSERT INTO Contact(ContactID,PhoneNumber1,PhoneNumber2,PhoneNumber3)VALUES(18,"0111233431","01122333","");
INSERT INTO Contact(ContactID,PhoneNumber1,PhoneNumber2,PhoneNumber3)VALUES(19,"02111233349","01122333","");
INSERT INTO Contact(ContactID,PhoneNumber1,PhoneNumber2,PhoneNumber3)VALUES(20,"0121123330","01223333","");
INSERT INTO Contact(ContactID,PhoneNumber1,PhoneNumber2,PhoneNumber3)VALUES(21,"01112334","01123333","");
INSERT INTO Contact(ContactID,PhoneNumber1,PhoneNumber2,PhoneNumber3)VALUES(22,"01112335","01122333","");
INSERT INTO Contact(ContactID,PhoneNumber1,PhoneNumber2,PhoneNumber3)VALUES(23,"01112336","01122333","");
INSERT INTO Contact(ContactID,PhoneNumber1,PhoneNumber2,PhoneNumber3)VALUES(24,"01113337","01223333","");
INSERT INTO Contact(ContactID,PhoneNumber1,PhoneNumber2,PhoneNumber3)VALUES(25,"01123338","01122333","");
INSERT INTO Contact(ContactID,PhoneNumber1,PhoneNumber2,PhoneNumber3)VALUES(26,"01123339","01123333","");
INSERT INTO Contact(ContactID,PhoneNumber1,PhoneNumber2,PhoneNumber3)VALUES(27,"01123330","01122333","");
INSERT INTO Contact(ContactID,PhoneNumber1,PhoneNumber2,PhoneNumber3)VALUES(28,"01123331","01122333","");
INSERT INTO Contact(ContactID,PhoneNumber1,PhoneNumber2,PhoneNumber3)VALUES(29,"011233349","01122333","");
INSERT INTO Contact(ContactID,PhoneNumber1,PhoneNumber2,PhoneNumber3)VALUES(30,"11123330","01223333","");
INSERT INTO Contact(ContactID,PhoneNumber1,PhoneNumber2,PhoneNumber3)VALUES(31,"011126334","0112333","");
INSERT INTO Contact(ContactID,PhoneNumber1,PhoneNumber2,PhoneNumber3)VALUES(32,"0111236335","0112333","");
INSERT INTO Contact(ContactID,PhoneNumber1,PhoneNumber2,PhoneNumber3)VALUES(33,"0111233636","0112233","");
INSERT INTO Contact(ContactID,PhoneNumber1,PhoneNumber2,PhoneNumber3)VALUES(34,"0111233367","01223333","");
INSERT INTO Contact(ContactID,PhoneNumber1,PhoneNumber2,PhoneNumber3)VALUES(35,"0111233386","0122333","");
INSERT INTO Contact(ContactID,PhoneNumber1,PhoneNumber2,PhoneNumber3)VALUES(36,"0111233396","0123333","");
INSERT INTO Contact(ContactID,PhoneNumber1,PhoneNumber2,PhoneNumber3)VALUES(37,"0111233306","1122333","");
INSERT INTO Contact(ContactID,PhoneNumber1,PhoneNumber2,PhoneNumber3)VALUES(38,"0111233316","01122333","");
INSERT INTO Contact(ContactID,PhoneNumber1,PhoneNumber2,PhoneNumber3)VALUES(39,"0111233369","1122333","");
INSERT INTO Contact(ContactID,PhoneNumber1,PhoneNumber2,PhoneNumber3)VALUES(40,"011123360","01223333","");
INSERT INTO Contact(ContactID,PhoneNumber1,PhoneNumber2,PhoneNumber3)VALUES(41,"011123334","011123333","");
INSERT INTO Contact(ContactID,PhoneNumber1,PhoneNumber2,PhoneNumber3)VALUES(42,"011123335","011212333","");
INSERT INTO Contact(ContactID,PhoneNumber1,PhoneNumber2,PhoneNumber3)VALUES(43,"011123336","011221333","");
INSERT INTO Contact(ContactID,PhoneNumber1,PhoneNumber2,PhoneNumber3)VALUES(44,"011123337","012233133","");
INSERT INTO Contact(ContactID,PhoneNumber1,PhoneNumber2,PhoneNumber3)VALUES(45,"011123338","011223313","");
INSERT INTO Contact(ContactID,PhoneNumber1,PhoneNumber2,PhoneNumber3)VALUES(46,"011123339","011233331","");
INSERT INTO Contact(ContactID,PhoneNumber1,PhoneNumber2,PhoneNumber3)VALUES(47,"011123330","011223133","");
INSERT INTO Contact(ContactID,PhoneNumber1,PhoneNumber2,PhoneNumber3)VALUES(48,"011123331","011223313","");
INSERT INTO Contact(ContactID,PhoneNumber1,PhoneNumber2,PhoneNumber3)VALUES(49,"0111233349","011223313","");
INSERT INTO Contact(ContactID,PhoneNumber1,PhoneNumber2,PhoneNumber3)VALUES(50,"011123330","012233331","");
INSERT INTO Contact(ContactID,PhoneNumber1,PhoneNumber2,PhoneNumber3)VALUES(51,"01123334","01123333","");
INSERT INTO Contact(ContactID,PhoneNumber1,PhoneNumber2,PhoneNumber3)VALUES(52,"11123335","01122333","");
INSERT INTO Contact(ContactID,PhoneNumber1,PhoneNumber2,PhoneNumber3)VALUES(53,"01123336","01122333","");
INSERT INTO Contact(ContactID,PhoneNumber1,PhoneNumber2,PhoneNumber3)VALUES(54,"01123337","01223333","");
INSERT INTO Contact(ContactID,PhoneNumber1,PhoneNumber2,PhoneNumber3)VALUES(55,"01123338","01122333","");
INSERT INTO Contact(ContactID,PhoneNumber1,PhoneNumber2,PhoneNumber3)VALUES(56,"01113339","01123333","");
INSERT INTO Contact(ContactID,PhoneNumber1,PhoneNumber2,PhoneNumber3)VALUES(57,"011123330","01122333","");
INSERT INTO Contact(ContactID,PhoneNumber1,PhoneNumber2,PhoneNumber3)VALUES(58,"11123331","01122333","");
INSERT INTO Contact(ContactID,PhoneNumber1,PhoneNumber2,PhoneNumber3)VALUES(59,"011123349","01122333","");
INSERT INTO Contact(ContactID,PhoneNumber1,PhoneNumber2,PhoneNumber3)VALUES(60,"01113330","01223333","");
INSERT INTO Contact(ContactID,PhoneNumber1,PhoneNumber2,PhoneNumber3)VALUES(61,"011123334","01123333","");
INSERT INTO Contact(ContactID,PhoneNumber1,PhoneNumber2,PhoneNumber3)VALUES(62,"01113335","01122333","");
INSERT INTO Contact(ContactID,PhoneNumber1,PhoneNumber2,PhoneNumber3)VALUES(63,"01123336","01122333","");
INSERT INTO Contact(ContactID,PhoneNumber1,PhoneNumber2,PhoneNumber3)VALUES(64,"01123337","01223333","");
INSERT INTO Contact(ContactID,PhoneNumber1,PhoneNumber2,PhoneNumber3)VALUES(65,"01123338","01122333","");
INSERT INTO Contact(ContactID,PhoneNumber1,PhoneNumber2,PhoneNumber3)VALUES(66,"011123337","01123333","");
INSERT INTO Contact(ContactID,PhoneNumber1,PhoneNumber2,PhoneNumber3)VALUES(67,"011123331","01122333","");
INSERT INTO Contact(ContactID,PhoneNumber1,PhoneNumber2,PhoneNumber3)VALUES(68,"011123333","01122333","");
INSERT INTO Contact(ContactID,PhoneNumber1,PhoneNumber2,PhoneNumber3)VALUES(69,"011123339","01122333","");
INSERT INTO Contact(ContactID,PhoneNumber1,PhoneNumber2,PhoneNumber3)VALUES(70,"011123330","01223333","");
INSERT INTO Contact(ContactID,PhoneNumber1,PhoneNumber2,PhoneNumber3)VALUES(71,"011123334","01123333","");
INSERT INTO Contact(ContactID,PhoneNumber1,PhoneNumber2,PhoneNumber3)VALUES(72,"011123335","01122333","");
INSERT INTO Contact(ContactID,PhoneNumber1,PhoneNumber2,PhoneNumber3)VALUES(73,"011123336","01122333","");
INSERT INTO Contact(ContactID,PhoneNumber1,PhoneNumber2,PhoneNumber3)VALUES(74,"011123337","01223333","");
INSERT INTO Contact(ContactID,PhoneNumber1,PhoneNumber2,PhoneNumber3)VALUES(75,"011123338","01122333","");
INSERT INTO Contact(ContactID,PhoneNumber1,PhoneNumber2,PhoneNumber3)VALUES(76,"011123339","01123333","");
INSERT INTO Contact(ContactID,PhoneNumber1,PhoneNumber2,PhoneNumber3)VALUES(77,"011123330","01122333","");
INSERT INTO Contact(ContactID,PhoneNumber1,PhoneNumber2,PhoneNumber3)VALUES(78,"011123331","01122333","");
INSERT INTO Contact(ContactID,PhoneNumber1,PhoneNumber2,PhoneNumber3)VALUES(79,"0111233349","01122333","");
INSERT INTO Contact(ContactID,PhoneNumber1,PhoneNumber2,PhoneNumber3)VALUES(80,"01113330","01223333","");
INSERT INTO Contact(ContactID,PhoneNumber1,PhoneNumber2,PhoneNumber3)VALUES(81,"011123334","01123333","");
INSERT INTO Contact(ContactID,PhoneNumber1,PhoneNumber2,PhoneNumber3)VALUES(82,"011123335","01122333","");
INSERT INTO Contact(ContactID,PhoneNumber1,PhoneNumber2,PhoneNumber3)VALUES(83,"011123336","01122333","");
INSERT INTO Contact(ContactID,PhoneNumber1,PhoneNumber2,PhoneNumber3)VALUES(84,"011123337","01223333","");
INSERT INTO Contact(ContactID,PhoneNumber1,PhoneNumber2,PhoneNumber3)VALUES(85,"011123338","01122333","");
INSERT INTO Contact(ContactID,PhoneNumber1,PhoneNumber2,PhoneNumber3)VALUES(86,"011123339","01123333","");
INSERT INTO Contact(ContactID,PhoneNumber1,PhoneNumber2,PhoneNumber3)VALUES(87,"011123330","01122333","");
INSERT INTO Contact(ContactID,PhoneNumber1,PhoneNumber2,PhoneNumber3)VALUES(88,"011123331","01122333","");
INSERT INTO Contact(ContactID,PhoneNumber1,PhoneNumber2,PhoneNumber3)VALUES(89,"0111233349","01122333","");
INSERT INTO Contact(ContactID,PhoneNumber1,PhoneNumber2,PhoneNumber3)VALUES(90,"011123330","01223333","");
INSERT INTO Contact(ContactID,PhoneNumber1,PhoneNumber2,PhoneNumber3)VALUES(91,"011123334","01123333","");
INSERT INTO Contact(ContactID,PhoneNumber1,PhoneNumber2,PhoneNumber3)VALUES(92,"011123335","01122333","");
INSERT INTO Contact(ContactID,PhoneNumber1,PhoneNumber2,PhoneNumber3)VALUES(93,"011123336","01122333","");
INSERT INTO Contact(ContactID,PhoneNumber1,PhoneNumber2,PhoneNumber3)VALUES(94,"011123337","01223333","");
INSERT INTO Contact(ContactID,PhoneNumber1,PhoneNumber2,PhoneNumber3)VALUES(95,"011123338","01122333","");
INSERT INTO Contact(ContactID,PhoneNumber1,PhoneNumber2,PhoneNumber3)VALUES(96,"011123339","01123333","");
INSERT INTO Contact(ContactID,PhoneNumber1,PhoneNumber2,PhoneNumber3)VALUES(97,"011123330","01122333","");
INSERT INTO Contact(ContactID,PhoneNumber1,PhoneNumber2,PhoneNumber3)VALUES(98,"011123331","01122333","");
INSERT INTO Contact(ContactID,PhoneNumber1,PhoneNumber2,PhoneNumber3)VALUES(99,"0111233349","01122333","");
INSERT INTO Contact(ContactID,PhoneNumber1,PhoneNumber2,PhoneNumber3)VALUES(100,"011123330","01223333","");


-- 6
INSERT INTO Building(BuildingNo,Building_name,Floors,Location,Parking) VALUES(1,"ABC",7,"Street park","No");
INSERT INTO Building(BuildingNo,Building_name,Floors,Location,Parking) VALUES(2,"DEF",6,"Street park","No");
INSERT INTO Building(BuildingNo,Building_name,Floors,Location,Parking) VALUES(3,"GHI",8,"Street park","No");
INSERT INTO Building(BuildingNo,Building_name,Floors,Location,Parking) VALUES(4,"JKL",4,"Street park","Yes");
INSERT INTO Building(BuildingNo,Building_name,Floors,Location,Parking) VALUES(5,"MNO",9,"Street park","No");
INSERT INTO Building(BuildingNo,Building_name,Floors,Location,Parking) VALUES(6,"PQR",8,"Street park","No");
INSERT INTO Building(BuildingNo,Building_name,Floors,Location,Parking) VALUES(7,"STU",8,"Street park","No");
INSERT INTO Building(BuildingNo,Building_name,Floors,Location,Parking) VALUES(8,"VWX",3,"Street park","No");

-- 7
INSERT INTO Ward(WardID,Ward_name,Floor,GenderAllocated,OtherInformation,BuildingNo) VALUES(1,"A",2,"Male","Open",1);
INSERT INTO Ward(WardID,Ward_name,Floor,GenderAllocated,OtherInformation,BuildingNo) VALUES(2,"",2,"Female","Open",2);
INSERT INTO Ward(WardID,Ward_name,Floor,GenderAllocated,OtherInformation,BuildingNo) VALUES(3,"C",2,"Male","Open",1);
INSERT INTO Ward(WardID,Ward_name,Floor,GenderAllocated,OtherInformation,BuildingNo) VALUES(4,"E",2,"Male","Open",1);
INSERT INTO Ward(WardID,Ward_name,Floor,GenderAllocated,OtherInformation,BuildingNo) VALUES(5,"F",2,"Male","Open",1);
INSERT INTO Ward(WardID,Ward_name,Floor,GenderAllocated,OtherInformation,BuildingNo) VALUES(6,"G",2,"Male","Open",1);
INSERT INTO Ward(WardID,Ward_name,Floor,GenderAllocated,OtherInformation,BuildingNo) VALUES(7,"H",2,"Male","Open",1);
INSERT INTO Ward(WardID,Ward_name,Floor,GenderAllocated,OtherInformation,BuildingNo) VALUES(8,"I",2,"Male","Open",1);
INSERT INTO Ward(WardID,Ward_name,Floor,GenderAllocated,OtherInformation,BuildingNo) VALUES(9,"J",2,"Male","Open",1);
INSERT INTO Ward(WardID,Ward_name,Floor,GenderAllocated,OtherInformation,BuildingNo) VALUES(10,"K",2,"Male","Open",4);
INSERT INTO Ward(WardID,Ward_name,Floor,GenderAllocated,OtherInformation,BuildingNo) VALUES(11,"L",2,"Male","Open",1);
INSERT INTO Ward(WardID,Ward_name,Floor,GenderAllocated,OtherInformation,BuildingNo) VALUES(12,"M",2,"Male","Open",1);
INSERT INTO Ward(WardID,Ward_name,Floor,GenderAllocated,OtherInformation,BuildingNo) VALUES(13,"N",2,"Male","Open",1);
INSERT INTO Ward(WardID,Ward_name,Floor,GenderAllocated,OtherInformation,BuildingNo) VALUES(14,"O",2,"Male","Open",1);
INSERT INTO Ward(WardID,Ward_name,Floor,GenderAllocated,OtherInformation,BuildingNo) VALUES(15,"P",2,"Male","Open",1);
INSERT INTO Ward(WardID,Ward_name,Floor,GenderAllocated,OtherInformation,BuildingNo) VALUES(16,"Q",2,"Male","Open",1);
INSERT INTO Ward(WardID,Ward_name,Floor,GenderAllocated,OtherInformation,BuildingNo) VALUES(17,"R",2,"Male","Open",1);
INSERT INTO Ward(WardID,Ward_name,Floor,GenderAllocated,OtherInformation,BuildingNo) VALUES(18,"S",2,"Male","Open",1);
INSERT INTO Ward(WardID,Ward_name,Floor,GenderAllocated,OtherInformation,BuildingNo) VALUES(19,"T",2,"Male","Open",1);
INSERT INTO Ward(WardID,Ward_name,Floor,GenderAllocated,OtherInformation,BuildingNo) VALUES(20,"U",2,"Male","Open",1);
INSERT INTO Ward(WardID,Ward_name,Floor,GenderAllocated,OtherInformation,BuildingNo) VALUES(21,"V",2,"Male","Open",1);
INSERT INTO Ward(WardID,Ward_name,Floor,GenderAllocated,OtherInformation,BuildingNo) VALUES(22,"W",2,"Male","Open",1);
INSERT INTO Ward(WardID,Ward_name,Floor,GenderAllocated,OtherInformation,BuildingNo) VALUES(23,"X",2,"Male","Open",1);
INSERT INTO Ward(WardID,Ward_name,Floor,GenderAllocated,OtherInformation,BuildingNo) VALUES(24,"Y",2,"Male","Open",1);
INSERT INTO Ward(WardID,Ward_name,Floor,GenderAllocated,OtherInformation,BuildingNo) VALUES(25,"Z",2,"Male","Open",1);

-- 8
INSERT INTO Department(DepartmentID,DepartmentName,Roles,BuildingNo)VALUES(1,"Catering","Cooking",1);
INSERT INTO Department(DepartmentID,DepartmentName,Roles,BuildingNo)VALUES(2,"HR","workers",1);
INSERT INTO Department(DepartmentID,DepartmentName,Roles,BuildingNo)VALUES(3,"Nursing","Patient",1);
INSERT INTO Department(DepartmentID,DepartmentName,Roles,BuildingNo)VALUES(4,"Security","a",1);
INSERT INTO Department(DepartmentID,DepartmentName,Roles,BuildingNo)VALUES(5,"Fitnes","",1);
INSERT INTO Department(DepartmentID,DepartmentName,Roles,BuildingNo)VALUES(6,"Lab","Tests",1);
INSERT INTO Department(DepartmentID,DepartmentName,Roles,BuildingNo)VALUES(8,"Pharmacy","Pharm",1);
INSERT INTO Department(DepartmentID,DepartmentName,Roles,BuildingNo)VALUES(9,"Cleaning","Cleaning",1);
INSERT INTO Department(DepartmentID,DepartmentName,Roles,BuildingNo)VALUES(10,"Transport","Transport",1);

-- 9
INSERT INTO Theatre(TheatreNo,TheatreName,Size,Operation_type,Other_information,BuildingNo) VALUES(1,"A","50*100","Minor surgery","",1);
INSERT INTO Theatre(TheatreNo,TheatreName,Size,Operation_type,Other_information,BuildingNo) VALUES(2,"B","50*100","Minor surgery","",1);
INSERT INTO Theatre(TheatreNo,TheatreName,Size,Operation_type,Other_information,BuildingNo) VALUES(3,"C","50*100","Minor surgery","",1);
INSERT INTO Theatre(TheatreNo,TheatreName,Size,Operation_type,Other_information,BuildingNo) VALUES(4,"D","50*100","Minor surgery","",1);
INSERT INTO Theatre(TheatreNo,TheatreName,Size,Operation_type,Other_information,BuildingNo) VALUES(5,"E","50*100","Minor surgery","",1);
INSERT INTO Theatre(TheatreNo,TheatreName,Size,Operation_type,Other_information,BuildingNo) VALUES(6,"F","50*100","Minor surgery","",1);
INSERT INTO Theatre(TheatreNo,TheatreName,Size,Operation_type,Other_information,BuildingNo) VALUES(7,"G","50*100","Minor surgery","",1);
INSERT INTO Theatre(TheatreNo,TheatreName,Size,Operation_type,Other_information,BuildingNo) VALUES(8,"H","50*100","Minor surgery","",1);
INSERT INTO Theatre(TheatreNo,TheatreName,Size,Operation_type,Other_information,BuildingNo) VALUES(9,"I","50*100","Minor surgery","",1);
INSERT INTO Theatre(TheatreNo,TheatreName,Size,Operation_type,Other_information,BuildingNo) VALUES(10,"J","50*100","Minor surgery","",1);
INSERT INTO Theatre(TheatreNo,TheatreName,Size,Operation_type,Other_information,BuildingNo) VALUES(11,"K","50*100","Minor surgery","",1);

-- 10
INSERT INTO Laboratory(LaboratoryID,LabName,TestTypes,BuildingNo) VALUES(1,"A","All",1);
INSERT INTO Laboratory(LaboratoryID,LabName,TestTypes,BuildingNo) VALUES(2,"B","All",1);
INSERT INTO Laboratory(LaboratoryID,LabName,TestTypes,BuildingNo) VALUES(3,"C","All",1);
INSERT INTO Laboratory(LaboratoryID,LabName,TestTypes,BuildingNo) VALUES(4,"D","All",1);
INSERT INTO Laboratory(LaboratoryID,LabName,TestTypes,BuildingNo) VALUES(5,"E","All",1);
INSERT INTO Laboratory(LaboratoryID,LabName,TestTypes,BuildingNo) VALUES(6,"F","All",1);
INSERT INTO Laboratory(LaboratoryID,LabName,TestTypes,BuildingNo) VALUES(7,"G","All",1);
INSERT INTO Laboratory(LaboratoryID,LabName,TestTypes,BuildingNo) VALUES(8,"H","All",1);
INSERT INTO Laboratory(LaboratoryID,LabName,TestTypes,BuildingNo) VALUES(9,"I","All",1);
INSERT INTO Laboratory(LaboratoryID,LabName,TestTypes,BuildingNo) VALUES(10,"J","All",1);
INSERT INTO Laboratory(LaboratoryID,LabName,TestTypes,BuildingNo) VALUES(11,"K","All",1);
INSERT INTO Laboratory(LaboratoryID,LabName,TestTypes,BuildingNo) VALUES(12,"L","All",1);
INSERT INTO Laboratory(LaboratoryID,LabName,TestTypes,BuildingNo) VALUES(13,"M","All",1);
INSERT INTO Laboratory(LaboratoryID,LabName,TestTypes,BuildingNo) VALUES(14,"N","All",1);
INSERT INTO Laboratory(LaboratoryID,LabName,TestTypes,BuildingNo) VALUES(15,"O","All",1);
INSERT INTO Laboratory(LaboratoryID,LabName,TestTypes,BuildingNo) VALUES(16,"P","All",1);
INSERT INTO Laboratory(LaboratoryID,LabName,TestTypes,BuildingNo) VALUES(17,"Q","All",1);
INSERT INTO Laboratory(LaboratoryID,LabName,TestTypes,BuildingNo) VALUES(18,"R","All",1);
INSERT INTO Laboratory(LaboratoryID,LabName,TestTypes,BuildingNo) VALUES(19,"S","All",1);
INSERT INTO Laboratory(LaboratoryID,LabName,TestTypes,BuildingNo) VALUES(20,"T","All",1);
INSERT INTO Laboratory(LaboratoryID,LabName,TestTypes,BuildingNo) VALUES(21,"U","All",1);
INSERT INTO Laboratory(LaboratoryID,LabName,TestTypes,BuildingNo) VALUES(22,"V","All",1);
INSERT INTO Laboratory(LaboratoryID,LabName,TestTypes,BuildingNo) VALUES(23,"W","All",1);
INSERT INTO Laboratory(LaboratoryID,LabName,TestTypes,BuildingNo) VALUES(24,"X","All",1);
INSERT INTO Laboratory(LaboratoryID,LabName,TestTypes,BuildingNo) VALUES(25,"Y","All",1);
INSERT INTO Laboratory(LaboratoryID,LabName,TestTypes,BuildingNo) VALUES(26,"Z","All",1);

-- 11
INSERT INTO Shift(ShiftID,ShiftStartTime,ShiftEndTime,Section,NumberOfworkers) VALUES(1,"12:00:00","22:00:00","Floor 1",10);
INSERT INTO Shift(ShiftID,ShiftStartTime,ShiftEndTime,Section,NumberOfworkers) VALUES(2,"8:00:00","12:00:00","Floor 2",10);
INSERT INTO Shift(ShiftID,ShiftStartTime,ShiftEndTime,Section,NumberOfworkers) VALUES(3,"22:00:00","12:00:00","Floor 3",10);

-- 12
INSERT INTO Staff(StaffID,First_name,Last_name,DOB,Gender,DepartmentID,Salary,Email,ShiftID) VALUES(1,"Bob","Marley","1990-03-03","Male",1,129900,"",1);
INSERT INTO Staff(StaffID,First_name,Last_name,DOB,Gender,DepartmentID,Salary,Email,ShiftID) VALUES(2,"Ann","Marley","1995-03-03","Female",1,129900,"",1);
INSERT INTO Staff(StaffID,First_name,Last_name,DOB,Gender,DepartmentID,Salary,Email,ShiftID) VALUES(3,"Mike","John","1980-03-03","Male",1,129900,"",2);
INSERT INTO Staff(StaffID,First_name,Last_name,DOB,Gender,DepartmentID,Salary,Email,ShiftID) VALUES(4,"p","Ian","1990-03-03","Male",1,129900,"",3);
INSERT INTO Staff(StaffID,First_name,Last_name,DOB,Gender,DepartmentID,Salary,Email,ShiftID) VALUES(5,"Olla","James","1990-03-03","Male",1,129900,"",1);
INSERT INTO Staff(StaffID,First_name,Last_name,DOB,Gender,DepartmentID,Salary,Email,ShiftID) VALUES(6,"Modi","Vik","1990-03-03","Male",1,129900,"",3);
INSERT INTO Staff(StaffID,First_name,Last_name,DOB,Gender,DepartmentID,Salary,Email,ShiftID) VALUES(7,"Alice","Marley","1990-03-03","Female",1,129900,"",2);
INSERT INTO Staff(StaffID,First_name,Last_name,DOB,Gender,DepartmentID,Salary,Email,ShiftID) VALUES(8,"Bob","Mar","1990-03-03","Male",1,129900,"",1);
INSERT INTO Staff(StaffID,First_name,Last_name,DOB,Gender,DepartmentID,Salary,Email,ShiftID) VALUES(9,"Bruno","Mars","1990-03-03","Male",1,129900,"",1);
INSERT INTO Staff(StaffID,First_name,Last_name,DOB,Gender,DepartmentID,Salary,Email,ShiftID) VALUES(10,"Vill","Peter","1990-03-03","Male",1,129900,"",1);
INSERT INTO Staff(StaffID,First_name,Last_name,DOB,Gender,DepartmentID,Salary,Email,ShiftID) VALUES(11,"Alla","Marley","1990-03-03","Male",1,129900,"",1);
INSERT INTO Staff(StaffID,First_name,Last_name,DOB,Gender,DepartmentID,Salary,Email,ShiftID) VALUES(12,"Vit","richard","1990-03-03","Male",1,129900,"",1);
INSERT INTO Staff(StaffID,First_name,Last_name,DOB,Gender,DepartmentID,Salary,Email,ShiftID) VALUES(13,"Mary","Anne","1990-03-03","Male",1,129900,"",1);
INSERT INTO Staff(StaffID,First_name,Last_name,DOB,Gender,DepartmentID,Salary,Email,ShiftID) VALUES(14,"purity","lewis","1990-03-03","Male",1,129900,"",1);
INSERT INTO Staff(StaffID,First_name,Last_name,DOB,Gender,DepartmentID,Salary,Email,ShiftID) VALUES(15,"agnes","david","1990-03-03","Male",1,129900,"",1);
INSERT INTO Staff(StaffID,First_name,Last_name,DOB,Gender,DepartmentID,Salary,Email,ShiftID) VALUES(16,"paul","liam","1990-03-03","Male",1,129900,"",1);
INSERT INTO Staff(StaffID,First_name,Last_name,DOB,Gender,DepartmentID,Salary,Email,ShiftID) VALUES(17,"liam","Michael","1990-03-03","Male",1,129900,"",1);
INSERT INTO Staff(StaffID,First_name,Last_name,DOB,Gender,DepartmentID,Salary,Email,ShiftID) VALUES(18,"jacinta","faith","1990-03-03","Male",1,129900,"",1);
INSERT INTO Staff(StaffID,First_name,Last_name,DOB,Gender,DepartmentID,Salary,Email,ShiftID) VALUES(19,"michael","Marley","1990-03-03","Male",1,129900,"",1);
INSERT INTO Staff(StaffID,First_name,Last_name,DOB,Gender,DepartmentID,Salary,Email,ShiftID) VALUES(20,"vicus","vincent","1990-03-03","Male",1,129900,"",1);
INSERT INTO Staff(StaffID,First_name,Last_name,DOB,Gender,DepartmentID,Salary,Email,ShiftID) VALUES(21,"grace","ian","1990-03-03","Male",1,129900,"",1);
INSERT INTO Staff(StaffID,First_name,Last_name,DOB,Gender,DepartmentID,Salary,Email,ShiftID) VALUES(22,"esther","Matthew","1990-03-03","Male",1,129900,"",1);
INSERT INTO Staff(StaffID,First_name,Last_name,DOB,Gender,DepartmentID,Salary,Email,ShiftID) VALUES(23,"palacios","victor","1990-03-03","Male",1,129900,"",1);
INSERT INTO Staff(StaffID,First_name,Last_name,DOB,Gender,DepartmentID,Salary,Email,ShiftID) VALUES(24,"ann","twins","1990-03-03","Male",1,129900,"",1);
INSERT INTO Staff(StaffID,First_name,Last_name,DOB,Gender,DepartmentID,Salary,Email,ShiftID) VALUES(25,"gloria","peter","1990-03-03","Male",1,129900,"",1);
INSERT INTO Staff(StaffID,First_name,Last_name,DOB,Gender,DepartmentID,Salary,Email,ShiftID) VALUES(26,"milan","Michael","1990-03-03","Male",1,129900,"",1);
INSERT INTO Staff(StaffID,First_name,Last_name,DOB,Gender,DepartmentID,Salary,Email,ShiftID) VALUES(27,"nicholas","peter","1990-03-03","Male",1,129900,"",1);
INSERT INTO Staff(StaffID,First_name,Last_name,DOB,Gender,DepartmentID,Salary,Email,ShiftID) VALUES(28,"keziah","henry","1990-03-03","Male",1,129900,"",1);
INSERT INTO Staff(StaffID,First_name,Last_name,DOB,Gender,DepartmentID,Salary,Email,ShiftID) VALUES(29,"donald","gerald","1990-03-03","Male",1,129900,"",1);
INSERT INTO Staff(StaffID,First_name,Last_name,DOB,Gender,DepartmentID,Salary,Email,ShiftID) VALUES(30,"jared","bob","1990-03-03","Male",1,129900,"",1);
INSERT INTO Staff(StaffID,First_name,Last_name,DOB,Gender,DepartmentID,Salary,Email,ShiftID) VALUES(31,"alex","victor","1990-03-03","Male",1,129900,"",1);
INSERT INTO Staff(StaffID,First_name,Last_name,DOB,Gender,DepartmentID,Salary,Email,ShiftID) VALUES(32,"victoria","faith","1990-03-03","Male",1,129900,"",1);
INSERT INTO Staff(StaffID,First_name,Last_name,DOB,Gender,DepartmentID,Salary,Email,ShiftID) VALUES(33,"precious","vincent","1990-03-03","Male",1,129900,"",1);
INSERT INTO Staff(StaffID,First_name,Last_name,DOB,Gender,DepartmentID,Salary,Email,ShiftID) VALUES(34,"matthew","Mark","1990-03-03","Male",1,129900,"",1);
INSERT INTO Staff(StaffID,First_name,Last_name,DOB,Gender,DepartmentID,Salary,Email,ShiftID) VALUES(35,"jared","purity","1990-03-03","Male",1,129900,"",1);
INSERT INTO Staff(StaffID,First_name,Last_name,DOB,Gender,DepartmentID,Salary,Email,ShiftID) VALUES(36,"joyce","obadiah","1990-03-03","Male",1,129900,"",1);
INSERT INTO Staff(StaffID,First_name,Last_name,DOB,Gender,DepartmentID,Salary,Email,ShiftID) VALUES(37,"winfred","bidco","1990-03-03","Male",1,129900,"",1);
INSERT INTO Staff(StaffID,First_name,Last_name,DOB,Gender,DepartmentID,Salary,Email,ShiftID) VALUES(38,"sandra","Mercy","1990-03-03","Male",1,129900,"",1);
INSERT INTO Staff(StaffID,First_name,Last_name,DOB,Gender,DepartmentID,Salary,Email,ShiftID) VALUES(39,"florence","talia","1990-03-03","Male",1,129900,"",1);
INSERT INTO Staff(StaffID,First_name,Last_name,DOB,Gender,DepartmentID,Salary,Email,ShiftID) VALUES(40,"angeline","natasha","1990-03-03","Male",1,129900,"",1);
INSERT INTO Staff(StaffID,First_name,Last_name,DOB,Gender,DepartmentID,Salary,Email,ShiftID) VALUES(41,"florence","urbanus","1990-03-03","Male",1,129900,"",1);
INSERT INTO Staff(StaffID,First_name,Last_name,DOB,Gender,DepartmentID,Salary,Email,ShiftID) VALUES(42,"lydia","peter","1990-03-03","Male",1,129900,"",1);
INSERT INTO Staff(StaffID,First_name,Last_name,DOB,Gender,DepartmentID,Salary,Email,ShiftID) VALUES(43,"solomon","steve","1990-03-03","Male",1,129900,"",1);
INSERT INTO Staff(StaffID,First_name,Last_name,DOB,Gender,DepartmentID,Salary,Email,ShiftID) VALUES(44,"lazarus","amos","1990-03-03","Male",1,129900,"",1);
INSERT INTO Staff(StaffID,First_name,Last_name,DOB,Gender,DepartmentID,Salary,Email,ShiftID) VALUES(45,"faith","leksy","1990-03-03","Male",1,129900,"",1);
INSERT INTO Staff(StaffID,First_name,Last_name,DOB,Gender,DepartmentID,Salary,Email,ShiftID) VALUES(46,"abed","edd","1990-03-03","Male",1,129900,"",1);
INSERT INTO Staff(StaffID,First_name,Last_name,DOB,Gender,DepartmentID,Salary,Email,ShiftID) VALUES(47,"precious","Milan","1990-03-03","Male",1,129900,"",1);
INSERT INTO Staff(StaffID,First_name,Last_name,DOB,Gender,DepartmentID,Salary,Email,ShiftID) VALUES(48,"axle","Marley","1990-03-03","Male",1,129900,"",1);
INSERT INTO Staff(StaffID,First_name,Last_name,DOB,Gender,DepartmentID,Salary,Email,ShiftID) VALUES(49,"Alex","Marley","1990-03-03","Male",1,129900,"",1);
INSERT INTO Staff(StaffID,First_name,Last_name,DOB,Gender,DepartmentID,Salary,Email,ShiftID) VALUES(50,"Mio","M","1990-03-03","Male",1,129900,"",1);
INSERT INTO Staff(StaffID,First_name,Last_name,DOB,Gender,DepartmentID,Salary,Email,ShiftID) VALUES(51,"Bob","arley","1990-03-03","Male",1,129900,"",1);
INSERT INTO Staff(StaffID,First_name,Last_name,DOB,Gender,DepartmentID,Salary,Email,ShiftID) VALUES(52,"Aila","Marley","1990-03-03","Male",1,129900,"",1);
INSERT INTO Staff(StaffID,First_name,Last_name,DOB,Gender,DepartmentID,Salary,Email,ShiftID) VALUES(53,"Amb","Moril","1990-03-03","Male",1,129900,"",1);
INSERT INTO Staff(StaffID,First_name,Last_name,DOB,Gender,DepartmentID,Salary,Email,ShiftID) VALUES(54,"Bob","Mey","1990-03-03","Male",1,129900,"",1);
INSERT INTO Staff(StaffID,First_name,Last_name,DOB,Gender,DepartmentID,Salary,Email,ShiftID) VALUES(55,"Jona","ley","1990-03-03","Male",1,129900,"",1);
INSERT INTO Staff(StaffID,First_name,Last_name,DOB,Gender,DepartmentID,Salary,Email,ShiftID) VALUES(56,"Bob","Arley","1990-03-03","Male",1,129900,"",1);
INSERT INTO Staff(StaffID,First_name,Last_name,DOB,Gender,DepartmentID,Salary,Email,ShiftID) VALUES(57,"Bob","Marley","1990-03-03","Male",1,129900,"",1);
INSERT INTO Staff(StaffID,First_name,Last_name,DOB,Gender,DepartmentID,Salary,Email,ShiftID) VALUES(58,"Ian","Mary","1990-03-03","Male",1,129900,"",1);
INSERT INTO Staff(StaffID,First_name,Last_name,DOB,Gender,DepartmentID,Salary,Email,ShiftID) VALUES(59,"Len","Marey","1990-03-03","Male",1,129900,"",1);
INSERT INTO Staff(StaffID,First_name,Last_name,DOB,Gender,DepartmentID,Salary,Email,ShiftID) VALUES(60,"Peter","May","1990-03-03","Male",1,129900,"",1);
INSERT INTO Staff(StaffID,First_name,Last_name,DOB,Gender,DepartmentID,Salary,Email,ShiftID) VALUES(61,"Bob","Marley","1990-03-03","Male",1,129900,"",1);
INSERT INTO Staff(StaffID,First_name,Last_name,DOB,Gender,DepartmentID,Salary,Email,ShiftID) VALUES(62,"Joseph","ley","1990-03-03","Male",1,129900,"",1);
INSERT INTO Staff(StaffID,First_name,Last_name,DOB,Gender,DepartmentID,Salary,Email,ShiftID) VALUES(63,"Bob","Marley","1990-03-03","Male",1,129900,"",1);
INSERT INTO Staff(StaffID,First_name,Last_name,DOB,Gender,DepartmentID,Salary,Email,ShiftID) VALUES(64,"Ian","Marley","1990-03-03","Male",1,129900,"",1);
INSERT INTO Staff(StaffID,First_name,Last_name,DOB,Gender,DepartmentID,Salary,Email,ShiftID) VALUES(65,"Luke","Shaw","1990-03-03","Male",1,129900,"",1);
INSERT INTO Staff(StaffID,First_name,Last_name,DOB,Gender,DepartmentID,Salary,Email,ShiftID) VALUES(66,"Bob","Marley","1990-03-03","Male",1,129900,"",1);
INSERT INTO Staff(StaffID,First_name,Last_name,DOB,Gender,DepartmentID,Salary,Email,ShiftID) VALUES(67,"Bob","Marley","1990-03-03","Male",1,129900,"",1);
INSERT INTO Staff(StaffID,First_name,Last_name,DOB,Gender,DepartmentID,Salary,Email,ShiftID) VALUES(68,"Bob","Marley","1990-03-03","Male",1,129900,"",1);
INSERT INTO Staff(StaffID,First_name,Last_name,DOB,Gender,DepartmentID,Salary,Email,ShiftID) VALUES(69,"Bob","Marley","1990-03-03","Male",1,129900,"",1);
INSERT INTO Staff(StaffID,First_name,Last_name,DOB,Gender,DepartmentID,Salary,Email,ShiftID) VALUES(70,"Bob","Marley","1990-03-03","Male",1,129900,"",1);
INSERT INTO Staff(StaffID,First_name,Last_name,DOB,Gender,DepartmentID,Salary,Email,ShiftID) VALUES(71,"Bob","Marley","1990-03-03","Male",1,129900,"",1);
INSERT INTO Staff(StaffID,First_name,Last_name,DOB,Gender,DepartmentID,Salary,Email,ShiftID) VALUES(72,"Bob","Marley","1990-03-03","Male",1,129900,"",1);
INSERT INTO Staff(StaffID,First_name,Last_name,DOB,Gender,DepartmentID,Salary,Email,ShiftID) VALUES(73,"Bob","Marley","1990-03-03","Male",1,129900,"",1);
INSERT INTO Staff(StaffID,First_name,Last_name,DOB,Gender,DepartmentID,Salary,Email,ShiftID) VALUES(74,"Lex","Marley","1990-03-03","Male",1,129900,"",1);
INSERT INTO Staff(StaffID,First_name,Last_name,DOB,Gender,DepartmentID,Salary,Email,ShiftID) VALUES(75,"Bob","Marley","1990-03-03","Male",1,129900,"",1);
INSERT INTO Staff(StaffID,First_name,Last_name,DOB,Gender,DepartmentID,Salary,Email,ShiftID) VALUES(76,"Bob","Marley","1990-03-03","Male",1,129900,"",1);
INSERT INTO Staff(StaffID,First_name,Last_name,DOB,Gender,DepartmentID,Salary,Email,ShiftID) VALUES(77,"Bob","Aley","1990-03-03","Male",1,129900,"",1);
INSERT INTO Staff(StaffID,First_name,Last_name,DOB,Gender,DepartmentID,Salary,Email,ShiftID) VALUES(78,"Vini","Marley","1990-03-03","Male",1,129900,"",1);
INSERT INTO Staff(StaffID,First_name,Last_name,DOB,Gender,DepartmentID,Salary,Email,ShiftID) VALUES(79,"Bob","Marley","1990-03-03","Male",1,129900,"",1);
INSERT INTO Staff(StaffID,First_name,Last_name,DOB,Gender,DepartmentID,Salary,Email,ShiftID) VALUES(80,"Ray","Marley","1990-03-03","Male",1,129900,"",1);
INSERT INTO Staff(StaffID,First_name,Last_name,DOB,Gender,DepartmentID,Salary,Email,ShiftID) VALUES(81,"Bob","Mar","1990-03-03","Male",1,129900,"",1);
INSERT INTO Staff(StaffID,First_name,Last_name,DOB,Gender,DepartmentID,Salary,Email,ShiftID) VALUES(82,"Vicky","vicky","1990-03-03","Male",1,129900,"",1);
INSERT INTO Staff(StaffID,First_name,Last_name,DOB,Gender,DepartmentID,Salary,Email,ShiftID) VALUES(83,"Bob","Marley","1990-03-03","Male",1,129900,"",1);
INSERT INTO Staff(StaffID,First_name,Last_name,DOB,Gender,DepartmentID,Salary,Email,ShiftID) VALUES(84,"Bob","Alicia","1990-03-03","Male",1,129900,"",1);
INSERT INTO Staff(StaffID,First_name,Last_name,DOB,Gender,DepartmentID,Salary,Email,ShiftID) VALUES(85,"Quilt","Marley","1990-03-03","Male",1,129900,"",1);
INSERT INTO Staff(StaffID,First_name,Last_name,DOB,Gender,DepartmentID,Salary,Email,ShiftID) VALUES(86,"Bob","Marley","1990-03-03","Male",1,129900,"",1);
INSERT INTO Staff(StaffID,First_name,Last_name,DOB,Gender,DepartmentID,Salary,Email,ShiftID) VALUES(87,"Bob","Marley","1990-03-03","Male",1,129900,"",1);
INSERT INTO Staff(StaffID,First_name,Last_name,DOB,Gender,DepartmentID,Salary,Email,ShiftID) VALUES(88,"Bob","Marley","1990-03-03","Male",1,129900,"",1);
INSERT INTO Staff(StaffID,First_name,Last_name,DOB,Gender,DepartmentID,Salary,Email,ShiftID) VALUES(89,"Bob","Marley","1990-03-03","Male",1,129900,"",1);
INSERT INTO Staff(StaffID,First_name,Last_name,DOB,Gender,DepartmentID,Salary,Email,ShiftID) VALUES(90,"Alex","Marley","1990-03-03","Male",1,129900,"",1);
INSERT INTO Staff(StaffID,First_name,Last_name,DOB,Gender,DepartmentID,Salary,Email,ShiftID) VALUES(91,"Bob","Marley","1990-03-03","Male",1,129900,"",1);
INSERT INTO Staff(StaffID,First_name,Last_name,DOB,Gender,DepartmentID,Salary,Email,ShiftID) VALUES(92,"Astra","Marley","1990-03-03","Male",1,129900,"",1);
INSERT INTO Staff(StaffID,First_name,Last_name,DOB,Gender,DepartmentID,Salary,Email,ShiftID) VALUES(93,"Mio","Marley","1990-03-03","Male",1,129900,"",1);
INSERT INTO Staff(StaffID,First_name,Last_name,DOB,Gender,DepartmentID,Salary,Email,ShiftID) VALUES(94,"Bob","Marley","1990-03-03","Male",1,129900,"",1);
INSERT INTO Staff(StaffID,First_name,Last_name,DOB,Gender,DepartmentID,Salary,Email,ShiftID) VALUES(95,"Tb","Marley","1990-03-03","Male",1,129900,"",1);
INSERT INTO Staff(StaffID,First_name,Last_name,DOB,Gender,DepartmentID,Salary,Email,ShiftID) VALUES(96,"Anto","Marley","1990-03-03","Male",1,129900,"",1);
INSERT INTO Staff(StaffID,First_name,Last_name,DOB,Gender,DepartmentID,Salary,Email,ShiftID) VALUES(97,"Rio","Marley","1990-03-03","Male",1,129900,"",1);
INSERT INTO Staff(StaffID,First_name,Last_name,DOB,Gender,DepartmentID,Salary,Email,ShiftID) VALUES(98,"Bob","Marley","1990-03-03","Male",1,129900,"",1);
INSERT INTO Staff(StaffID,First_name,Last_name,DOB,Gender,DepartmentID,Salary,Email,ShiftID) VALUES(99,"Mike","Marley","1990-03-03","Male",1,129900,"",1);
INSERT INTO Staff(StaffID,First_name,Last_name,DOB,Gender,DepartmentID,Salary,Email,ShiftID) VALUES(100,"Bob","Marley","1990-03-03","Male",1,129900,"",1);

-- 13
INSERT INTO StaffDependant(DependantID,FirstName,LastName,DOB,Contact,StaffID) VALUES(1,"Ian","Peter","2006-01-02","22332121",1);
INSERT INTO StaffDependant(DependantID,FirstName,LastName,DOB,Contact,StaffID) VALUES(2,"Jane","Lucy","2007-01-02","12332121",2);
INSERT INTO StaffDependant(DependantID,FirstName,LastName,DOB,Contact,StaffID) VALUES(3,"Nixe","Paul","2006-01-02","22332121",3);
INSERT INTO StaffDependant(DependantID,FirstName,LastName,DOB,Contact,StaffID) VALUES(4,"Ann","Mary","2009-01-02","22332121",4);
INSERT INTO StaffDependant(DependantID,FirstName,LastName,DOB,Contact,StaffID) VALUES(5,"Zack","Peter","2006-01-02","22332121",5);
INSERT INTO StaffDependant(DependantID,FirstName,LastName,DOB,Contact,StaffID) VALUES(6,"Vivan","Peter","2006-01-02","22332121",6);
INSERT INTO StaffDependant(DependantID,FirstName,LastName,DOB,Contact,StaffID) VALUES(7,"Vin","Peter","2006-01-02","22332121",7);
INSERT INTO StaffDependant(DependantID,FirstName,LastName,DOB,Contact,StaffID) VALUES(8,"Ian","Ze","2006-01-02","22332121",8);
INSERT INTO StaffDependant(DependantID,FirstName,LastName,DOB,Contact,StaffID) VALUES(9,"Ian","Vin","2006-01-02","22332121",9);
INSERT INTO StaffDependant(DependantID,FirstName,LastName,DOB,Contact,StaffID) VALUES(10,"CU","Peter","2006-01-02","22332121",10);
INSERT INTO StaffDependant(DependantID,FirstName,LastName,DOB,Contact,StaffID) VALUES(11,"Ner","Vote","2006-01-02","22332121",1);
INSERT INTO StaffDependant(DependantID,FirstName,LastName,DOB,Contact,StaffID) VALUES(12,"Mwu","Lucy","2007-01-02","12332121",2);
INSERT INTO StaffDependant(DependantID,FirstName,LastName,DOB,Contact,StaffID) VALUES(13,"not","Paul","2006-01-02","22332121",3);
INSERT INTO StaffDependant(DependantID,FirstName,LastName,DOB,Contact,StaffID) VALUES(14,"Ann","Mary","2009-01-02","22332121",4);
INSERT INTO StaffDependant(DependantID,FirstName,LastName,DOB,Contact,StaffID) VALUES(15,"Obem","Peter","2006-01-02","22332121",5);
INSERT INTO StaffDependant(DependantID,FirstName,LastName,DOB,Contact,StaffID) VALUES(16,"Vivn","Peter","2006-01-02","22332121",6);
INSERT INTO StaffDependant(DependantID,FirstName,LastName,DOB,Contact,StaffID) VALUES(17,"vIX","Pet","2006-01-02","22332121",7);
INSERT INTO StaffDependant(DependantID,FirstName,LastName,DOB,Contact,StaffID) VALUES(18,"Moey","ter","2006-01-02","22332121",8);
INSERT INTO StaffDependant(DependantID,FirstName,LastName,DOB,Contact,StaffID) VALUES(19,"LAMPARF","Peter","2006-01-02","22332121",9);
INSERT INTO StaffDependant(DependantID,FirstName,LastName,DOB,Contact,StaffID) VALUES(20,"Ian","Peter","2006-01-02","22332121",10);
INSERT INTO StaffDependant(DependantID,FirstName,LastName,DOB,Contact,StaffID) VALUES(21,"ZED","Peter","2006-01-02","22332121",1);
INSERT INTO StaffDependant(DependantID,FirstName,LastName,DOB,Contact,StaffID) VALUES(22,"plan","Lucy","2007-01-02","12332121",2);
INSERT INTO StaffDependant(DependantID,FirstName,LastName,DOB,Contact,StaffID) VALUES(23,"on","Paul","2006-01-02","22332121",3);
INSERT INTO StaffDependant(DependantID,FirstName,LastName,DOB,Contact,StaffID) VALUES(24,"Annita","Mary","2009-01-02","22332121",4);
INSERT INTO StaffDependant(DependantID,FirstName,LastName,DOB,Contact,StaffID) VALUES(25,"Zackayo","Peter","2006-01-02","22332121",5);
INSERT INTO StaffDependant(DependantID,FirstName,LastName,DOB,Contact,StaffID) VALUES(26,"obed","P","2006-01-02","22332121",6);
INSERT INTO StaffDependant(DependantID,FirstName,LastName,DOB,Contact,StaffID) VALUES(27,"Ian","lens","2006-01-02","22332121",7);
INSERT INTO StaffDependant(DependantID,FirstName,LastName,DOB,Contact,StaffID) VALUES(28,"vin","Peter","2006-01-02","22332121",8);
INSERT INTO StaffDependant(DependantID,FirstName,LastName,DOB,Contact,StaffID) VALUES(29,"susan","emilly","2006-01-02","22332121",9);
INSERT INTO StaffDependant(DependantID,FirstName,LastName,DOB,Contact,StaffID) VALUES(30,"In","Peter","2006-01-02","22332121",10);
INSERT INTO StaffDependant(DependantID,FirstName,LastName,DOB,Contact,StaffID) VALUES(31,"Indomie","Peter","2006-01-02","22332121",1);
INSERT INTO StaffDependant(DependantID,FirstName,LastName,DOB,Contact,StaffID) VALUES(32,"Zed","Lucy","2007-01-02","12332121",2);
INSERT INTO StaffDependant(DependantID,FirstName,LastName,DOB,Contact,StaffID) VALUES(33,"larvy","Paul","2006-01-02","22332121",3);
INSERT INTO StaffDependant(DependantID,FirstName,LastName,DOB,Contact,StaffID) VALUES(34,"Vet","Mary","2009-01-02","22332121",4);
INSERT INTO StaffDependant(DependantID,FirstName,LastName,DOB,Contact,StaffID) VALUES(35,"Zack","Peter","2006-01-02","22332121",5);
INSERT INTO StaffDependant(DependantID,FirstName,LastName,DOB,Contact,StaffID) VALUES(36,"Vivan","Peter","2006-01-02","22332121",6);
INSERT INTO StaffDependant(DependantID,FirstName,LastName,DOB,Contact,StaffID) VALUES(37,"Ian","Peter","2006-01-02","22332121",7);
INSERT INTO StaffDependant(DependantID,FirstName,LastName,DOB,Contact,StaffID) VALUES(38,"Ian","Peter","2006-01-02","22332121",8);
INSERT INTO StaffDependant(DependantID,FirstName,LastName,DOB,Contact,StaffID) VALUES(39,"Izod","Peter","2006-01-02","22332121",9);
INSERT INTO StaffDependant(DependantID,FirstName,LastName,DOB,Contact,StaffID) VALUES(40,"Ian","obed","2006-01-02","22332121",10);
INSERT INTO StaffDependant(DependantID,FirstName,LastName,DOB,Contact,StaffID) VALUES(41,"Ian","Peter","2006-01-02","22332121",1);
INSERT INTO StaffDependant(DependantID,FirstName,LastName,DOB,Contact,StaffID) VALUES(42,"Jane","Lucy","2007-01-02","12332121",2);
INSERT INTO StaffDependant(DependantID,FirstName,LastName,DOB,Contact,StaffID) VALUES(43,"Nixe","Paul","2006-01-02","22332121",3);
INSERT INTO StaffDependant(DependantID,FirstName,LastName,DOB,Contact,StaffID) VALUES(44,"Ann","Mary","2009-01-02","22332121",4);
INSERT INTO StaffDependant(DependantID,FirstName,LastName,DOB,Contact,StaffID) VALUES(45,"Zack","Peter","2006-01-02","22332121",5);
INSERT INTO StaffDependant(DependantID,FirstName,LastName,DOB,Contact,StaffID) VALUES(46,"Vivan","Peter","2006-01-02","22332121",6);
INSERT INTO StaffDependant(DependantID,FirstName,LastName,DOB,Contact,StaffID) VALUES(47,"Ian","Peter","2006-01-02","22332121",7);
INSERT INTO StaffDependant(DependantID,FirstName,LastName,DOB,Contact,StaffID) VALUES(48,"Ian","Peter","2006-01-02","22332121",8);
INSERT INTO StaffDependant(DependantID,FirstName,LastName,DOB,Contact,StaffID) VALUES(49,"Ian","sedy","2006-01-02","22332121",9);
INSERT INTO StaffDependant(DependantID,FirstName,LastName,DOB,Contact,StaffID) VALUES(50,"Ian","P","2006-01-02","22332121",10);
INSERT INTO StaffDependant(DependantID,FirstName,LastName,DOB,Contact,StaffID) VALUES(51,"Ian","Peter","2006-01-02","22332121",1);
INSERT INTO StaffDependant(DependantID,FirstName,LastName,DOB,Contact,StaffID) VALUES(52,"Jane","Lucy","2007-01-02","12332121",2);
INSERT INTO StaffDependant(DependantID,FirstName,LastName,DOB,Contact,StaffID) VALUES(53,"Nixe","Paul","2006-01-02","22332121",3);
INSERT INTO StaffDependant(DependantID,FirstName,LastName,DOB,Contact,StaffID) VALUES(54,"Ann","Mary","2009-01-02","22332121",4);
INSERT INTO StaffDependant(DependantID,FirstName,LastName,DOB,Contact,StaffID) VALUES(55,"Zack","Peter","2006-01-02","22332121",5);
INSERT INTO StaffDependant(DependantID,FirstName,LastName,DOB,Contact,StaffID) VALUES(56,"Vivan","Peter","2006-01-02","22332121",6);
INSERT INTO StaffDependant(DependantID,FirstName,LastName,DOB,Contact,StaffID) VALUES(57,"Ian","Peter","2006-01-02","22332121",7);
INSERT INTO StaffDependant(DependantID,FirstName,LastName,DOB,Contact,StaffID) VALUES(58,"Ian","Peter","2006-01-02","22332121",8);
INSERT INTO StaffDependant(DependantID,FirstName,LastName,DOB,Contact,StaffID) VALUES(59,"Ian","Peter","2006-01-02","22332121",9);
INSERT INTO StaffDependant(DependantID,FirstName,LastName,DOB,Contact,StaffID) VALUES(60,"Ian","Peter","2006-01-02","22332121",10);
INSERT INTO StaffDependant(DependantID,FirstName,LastName,DOB,Contact,StaffID) VALUES(61,"Ian","Peter","2006-01-02","22332121",1);
INSERT INTO StaffDependant(DependantID,FirstName,LastName,DOB,Contact,StaffID) VALUES(62,"Jane","Lucy","2007-01-02","12332121",2);
INSERT INTO StaffDependant(DependantID,FirstName,LastName,DOB,Contact,StaffID) VALUES(63,"Nixe","Paul","2006-01-02","22332121",3);
INSERT INTO StaffDependant(DependantID,FirstName,LastName,DOB,Contact,StaffID) VALUES(64,"Ann","Mary","2009-01-02","22332121",4);
INSERT INTO StaffDependant(DependantID,FirstName,LastName,DOB,Contact,StaffID) VALUES(65,"Zack","Peter","2006-01-02","22332121",5);
INSERT INTO StaffDependant(DependantID,FirstName,LastName,DOB,Contact,StaffID) VALUES(66,"Vivan","Peter","2006-01-02","22332121",6);
INSERT INTO StaffDependant(DependantID,FirstName,LastName,DOB,Contact,StaffID) VALUES(67,"Ian","Peter","2006-01-02","22332121",7);
INSERT INTO StaffDependant(DependantID,FirstName,LastName,DOB,Contact,StaffID) VALUES(68,"Ian","Peter","2006-01-02","22332121",8);
INSERT INTO StaffDependant(DependantID,FirstName,LastName,DOB,Contact,StaffID) VALUES(69,"Ian","Peter","2006-01-02","22332121",9);
INSERT INTO StaffDependant(DependantID,FirstName,LastName,DOB,Contact,StaffID) VALUES(70,"Ian","Peter","2006-01-02","22332121",10);
INSERT INTO StaffDependant(DependantID,FirstName,LastName,DOB,Contact,StaffID) VALUES(71,"Ian","Peter","2006-01-02","22332121",1);
INSERT INTO StaffDependant(DependantID,FirstName,LastName,DOB,Contact,StaffID) VALUES(72,"Jane","Lucy","2007-01-02","12332121",2);
INSERT INTO StaffDependant(DependantID,FirstName,LastName,DOB,Contact,StaffID) VALUES(73,"Nixe","Paul","2006-01-02","22332121",3);
INSERT INTO StaffDependant(DependantID,FirstName,LastName,DOB,Contact,StaffID) VALUES(74,"Ann","Mary","2009-01-02","22332121",4);
INSERT INTO StaffDependant(DependantID,FirstName,LastName,DOB,Contact,StaffID) VALUES(75,"Zack","Peter","2006-01-02","22332121",5);
INSERT INTO StaffDependant(DependantID,FirstName,LastName,DOB,Contact,StaffID) VALUES(76,"Vivan","Peter","2006-01-02","22332121",6);
INSERT INTO StaffDependant(DependantID,FirstName,LastName,DOB,Contact,StaffID) VALUES(77,"Ian","Peter","2006-01-02","22332121",7);
INSERT INTO StaffDependant(DependantID,FirstName,LastName,DOB,Contact,StaffID) VALUES(78,"Ian","Peter","2006-01-02","22332121",8);
INSERT INTO StaffDependant(DependantID,FirstName,LastName,DOB,Contact,StaffID) VALUES(79,"Ian","Peter","2006-01-02","22332121",9);
INSERT INTO StaffDependant(DependantID,FirstName,LastName,DOB,Contact,StaffID) VALUES(80,"Ian","Peter","2006-01-02","22332121",10);
INSERT INTO StaffDependant(DependantID,FirstName,LastName,DOB,Contact,StaffID) VALUES(81,"Ian","Peter","2006-01-02","22332121",1);
INSERT INTO StaffDependant(DependantID,FirstName,LastName,DOB,Contact,StaffID) VALUES(82,"Jane","Lucy","2007-01-02","12332121",2);
INSERT INTO StaffDependant(DependantID,FirstName,LastName,DOB,Contact,StaffID) VALUES(83,"Nixe","Paul","2006-01-02","22332121",3);
INSERT INTO StaffDependant(DependantID,FirstName,LastName,DOB,Contact,StaffID) VALUES(84,"Ann","Mary","2009-01-02","22332121",4);
INSERT INTO StaffDependant(DependantID,FirstName,LastName,DOB,Contact,StaffID) VALUES(85,"Zack","Peter","2006-01-02","22332121",5);
INSERT INTO StaffDependant(DependantID,FirstName,LastName,DOB,Contact,StaffID) VALUES(86,"Vivan","Peter","2006-01-02","22332121",6);
INSERT INTO StaffDependant(DependantID,FirstName,LastName,DOB,Contact,StaffID) VALUES(87,"Ian","Peter","2006-01-02","22332121",7);
INSERT INTO StaffDependant(DependantID,FirstName,LastName,DOB,Contact,StaffID) VALUES(88,"Ian","Peter","2006-01-02","22332121",8);
INSERT INTO StaffDependant(DependantID,FirstName,LastName,DOB,Contact,StaffID) VALUES(89,"Ian","Peter","2006-01-02","22332121",9);
INSERT INTO StaffDependant(DependantID,FirstName,LastName,DOB,Contact,StaffID) VALUES(90,"Ian","Peter","2006-01-02","22332121",10);
INSERT INTO StaffDependant(DependantID,FirstName,LastName,DOB,Contact,StaffID) VALUES(91,"Ian","Peter","2006-01-02","22332121",1);
INSERT INTO StaffDependant(DependantID,FirstName,LastName,DOB,Contact,StaffID) VALUES(92,"Jane","Lucy","2007-01-02","12332121",2);
INSERT INTO StaffDependant(DependantID,FirstName,LastName,DOB,Contact,StaffID) VALUES(93,"Nixe","Paul","2006-01-02","22332121",3);
INSERT INTO StaffDependant(DependantID,FirstName,LastName,DOB,Contact,StaffID) VALUES(94,"Ann","Mary","2009-01-02","22332121",4);
INSERT INTO StaffDependant(DependantID,FirstName,LastName,DOB,Contact,StaffID) VALUES(95,"Zack","Peter","2006-01-02","22332121",5);
INSERT INTO StaffDependant(DependantID,FirstName,LastName,DOB,Contact,StaffID) VALUES(96,"Vivan","Peter","2006-01-02","22332121",6);
INSERT INTO StaffDependant(DependantID,FirstName,LastName,DOB,Contact,StaffID) VALUES(97,"Ian","Peter","2006-01-02","22332121",7);
INSERT INTO StaffDependant(DependantID,FirstName,LastName,DOB,Contact,StaffID) VALUES(98,"Ian","Peter","2006-01-02","22332121",8);
INSERT INTO StaffDependant(DependantID,FirstName,LastName,DOB,Contact,StaffID) VALUES(99,"Ian","Peter","2006-01-02","22332121",9);
INSERT INTO StaffDependant(DependantID,FirstName,LastName,DOB,Contact,StaffID) VALUES(100,"Ian","Peter","2006-01-02","22332121",10);



-- 14
INSERT INTO Doctor(DoctorID,First_name,Last_name,Speciality,StaffID,WardID) VALUES(1,"Mike","Owen","Bones",1,1);
INSERT INTO Doctor(DoctorID,First_name,Last_name,Speciality,StaffID,WardID) VALUES(2,"Rowen","Alex","Bones",1,1);
INSERT INTO Doctor(DoctorID,First_name,Last_name,Speciality,StaffID,WardID) VALUES(3,"Mi","Pix","Bones",1,1);
INSERT INTO Doctor(DoctorID,First_name,Last_name,Speciality,StaffID,WardID) VALUES(4,"ML","D","Bones",1,1);
INSERT INTO Doctor(DoctorID,First_name,Last_name,Speciality,StaffID,WardID) VALUES(5,"Mary","John","Bones",1,1);
INSERT INTO Doctor(DoctorID,First_name,Last_name,Speciality,StaffID,WardID) VALUES(6,"ML","Petr","Bones",1,1);
INSERT INTO Doctor(DoctorID,First_name,Last_name,Speciality,StaffID,WardID) VALUES(7,"Mike","Owen","Bones",1,1);

-- 15
INSERT INTO HealthRecordSpecialist(HealthRecordSpecialistID,First_name,Last_name,Gender,Email,StaffID) VALUES(1,"Jonal","Perry","Female","xyz@gmail.com",1);
INSERT INTO HealthRecordSpecialist(HealthRecordSpecialistID,First_name,Last_name,Gender,Email,StaffID) VALUES(2,"Harry","Po","Female","xyz@gmail.com",1);
INSERT INTO HealthRecordSpecialist(HealthRecordSpecialistID,First_name,Last_name,Gender,Email,StaffID) VALUES(3,"Lem","Perry","Female","xyz@gmail.com",2);
INSERT INTO HealthRecordSpecialist(HealthRecordSpecialistID,First_name,Last_name,Gender,Email,StaffID) VALUES(4,"Jal","Perry","Female","xyz@gmail.com",2);
INSERT INTO HealthRecordSpecialist(HealthRecordSpecialistID,First_name,Last_name,Gender,Email,StaffID) VALUES(5,"Jonal","Mix","Female","xyz@gmail.com",2);
INSERT INTO HealthRecordSpecialist(HealthRecordSpecialistID,First_name,Last_name,Gender,Email,StaffID) VALUES(6,"Amir","Pry","Female","xyz@gmail.com",2);
INSERT INTO HealthRecordSpecialist(HealthRecordSpecialistID,First_name,Last_name,Gender,Email,StaffID) VALUES(7,"Lina","Perry","Female","xyz@gmail.com",2);


-- 16
INSERT INTO Nutritionist(NutritionistID,First_name,Last_name,Speciality,Gender,StaffID) VALUES(1,"willis","smith","vitamins","male",3);
INSERT INTO Nutritionist(NutritionistID,First_name,Last_name,Speciality,Gender,StaffID) VALUES(2,"Jack","Motimu","Protein","Male",3);
INSERT INTO Nutritionist(NutritionistID,First_name,Last_name,Speciality,Gender,StaffID) VALUES(3,"Jane","Trump","carbohydrates","Female",3);
INSERT INTO Nutritionist(NutritionistID,First_name,Last_name,Speciality,Gender,StaffID) VALUES(4,"Vivian","Chloe","vitamins","Female",3);
INSERT INTO Nutritionist(NutritionistID,First_name,Last_name,Speciality,Gender,StaffID) VALUES(5,"Arnold","Tosha","proteins","male",3);
INSERT INTO Nutritionist(NutritionistID,First_name,Last_name,Speciality,Gender,StaffID) VALUES(6,"Jared","Kenya","Carbohydrates","male",3);
INSERT INTO Nutritionist(NutritionistID,First_name,Last_name,Speciality,Gender,StaffID) VALUES(7,"Mary","odinga","proteins","Female",3);
INSERT INTO Nutritionist(NutritionistID,First_name,Last_name,Speciality,Gender,StaffID) VALUES(8,"Yusuf","","Malema","Female",3);

-- 17
INSERT INTO Secretary(SecretaryID,First_name,Last_name,DOB,Gender,StaffID) VALUES(1,"Diana","Yako","1991-11-01","female",4);
INSERT INTO Secretary(SecretaryID,First_name,Last_name,DOB,Gender,StaffID) VALUES(2,"Jackson","Kate","1989-08-23","Male",4);
INSERT INTO Secretary(SecretaryID,First_name,Last_name,DOB,Gender,StaffID) VALUES(3,"Sarah","Joy","1999-03-17","female",4);
INSERT INTO Secretary(SecretaryID,First_name,Last_name,DOB,Gender,StaffID) VALUES(4,"Irine","Keira","1985-07-22","female",4);
INSERT INTO Secretary(SecretaryID,First_name,Last_name,DOB,Gender,StaffID) VALUES(5,"Eugene","Malo","1996-08-24","Male",4);
INSERT INTO Secretary(SecretaryID,First_name,Last_name,DOB,Gender,StaffID) VALUES(6,"Jacob","Jalo","1996-06-23","Male",4);
-- 18
INSERT INTO Security(SecurityID,First_name,Last_name,Section,Gender,StaffID) VALUES(1,"Gibby","Mash","A","female",5);
INSERT INTO Security(SecurityID,First_name,Last_name,Section,Gender,StaffID) VALUES(2,"Kevin","Wetu","B","Male",5);
INSERT INTO Security(SecurityID,First_name,Last_name,Section,Gender,StaffID) VALUES(3,"Tom","Shem","E","Male",5);
INSERT INTO Security(SecurityID,First_name,Last_name,Section,Gender,StaffID) VALUES(4,"Jenelle","Korir","D","Female",5);
INSERT INTO Security(SecurityID,First_name,Last_name,Section,Gender,StaffID) VALUES(5,"Ayub","Benta","C","Male",5);
INSERT INTO Security(SecurityID,First_name,Last_name,Section,Gender,StaffID) VALUES(6,"Isack","Smith","G","Male",5);
INSERT INTO Security(SecurityID,First_name,Last_name,Section,Gender,StaffID) VALUES(7,"Ben","Bela","A","Male",5);

-- 19
INSERT INTO Cooks(CookID,First_name,Last_name,Speciality,Gender,StaffID)VALUES(1,"Gloria","Swahili","Swahili dishes","Female",6);
INSERT INTO Cooks(CookID,First_name,Last_name,Speciality,Gender,StaffID)VALUES(2,"Kith","Kitur","African dishes","male",6);
INSERT INTO Cooks(CookID,First_name,Last_name,Speciality,Gender,StaffID)VALUES(3,"Asmith","Tala","American dishes","Female",6);
INSERT INTO Cooks(CookID,First_name,Last_name,Speciality,Gender,StaffID)VALUES(4,"Seth","Olala","Italian dishes","Female",6);
INSERT INTO Cooks(CookID,First_name,Last_name,Speciality,Gender,StaffID)VALUES(5,"Rick","Ross","Indian dishes","male",6);
INSERT INTO Cooks(CookID,First_name,Last_name,Speciality,Gender,StaffID)VALUES(6,"Hasan","Wales","American dishes","Female",6);

-- 20
INSERT INTO Cleaner(CleanerID,First_name,Last_name,Contact,Gender,StaffID,WardID) VALUES(1,"zack","jones","909900","male",7,1);
INSERT INTO Cleaner(CleanerID,First_name,Last_name,Contact,Gender,StaffID,WardID) VALUES(2,"yobra","jane","908399","Female",7,1);
INSERT INTO Cleaner(CleanerID,First_name,Last_name,Contact,Gender,StaffID,WardID) VALUES(3,"xlani","shags","9481130","male",7,1);
INSERT INTO Cleaner(CleanerID,First_name,Last_name,Contact,Gender,StaffID,WardID) VALUES(4,"wenga","arsen","909111","male",7,1);
INSERT INTO Cleaner(CleanerID,First_name,Last_name,Contact,Gender,StaffID,WardID) VALUES(5,"victor","james","951679","Female",7,1);
INSERT INTO Cleaner(CleanerID,First_name,Last_name,Contact,Gender,StaffID,WardID) VALUES(6,"eunice","kogei","909970","Female",7,1);

-- 21
INSERT INTO Driver(DriverID,First_name,Last_name,Contact,Gender,StaffID) VALUES(1,"Edwin","Sese","7668889","MALE",8);
INSERT INTO Driver(DriverID,First_name,Last_name,Contact,Gender,StaffID) VALUES(2,"Fred","Gumo","7667789","MALE",8);
INSERT INTO Driver(DriverID,First_name,Last_name,Contact,Gender,StaffID) VALUES(3,"Fridah","Karoney","7665589","FEMALE",8);
INSERT INTO Driver(DriverID,First_name,Last_name,Contact,Gender,StaffID) VALUES(4,"Gloria","Kosti","7664489","FEMALE",8);
INSERT INTO Driver(DriverID,First_name,Last_name,Contact,Gender,StaffID) VALUES(5,"Hanny","Koech","7663389","MALE",8);
INSERT INTO Driver(DriverID,First_name,Last_name,Contact,Gender,StaffID) VALUES(6,"Ian","Kyler","7662289","MALE",8);


-- 22
INSERT INTO LabTechnician(LabTechnicianID,FirstName,LastName,LaboratoryID,StaffID,DOB) VALUES(1,"Euren","Meto",4,9,"1987-09-07");
INSERT INTO LabTechnician(LabTechnicianID,FirstName,LastName,LaboratoryID,StaffID,DOB) VALUES(2,"naomi","dee",4,9,"1980-09-27");
INSERT INTO LabTechnician(LabTechnicianID,FirstName,LastName,LaboratoryID,StaffID,DOB) VALUES(3,"emmanuel","joness",4,9,"1997-06-07");
INSERT INTO LabTechnician(LabTechnicianID,FirstName,LastName,LaboratoryID,StaffID,DOB) VALUES(4,"barnaba","shadrack",4,9,"1994-07-09");
INSERT INTO LabTechnician(LabTechnicianID,FirstName,LastName,LaboratoryID,StaffID,DOB) VALUES(5,"fidel","castrol",4,9,"1996-06-23");

-- 23
INSERT INTO Pharmacist(PharmacistID,FirstName,LastName,Unit,Email,StaffID) VALUES(1,"tom","japani","A","avc@gmail.com",10);
INSERT INTO Pharmacist(PharmacistID,FirstName,LastName,Unit,Email,StaffID) VALUES(2,"shem","mokua","B","shemmokua@gmail.com",10);
INSERT INTO Pharmacist(PharmacistID,FirstName,LastName,Unit,Email,StaffID) VALUES(3,"jupiter","mars","G","juptermars@gmail.com",10);
INSERT INTO Pharmacist(PharmacistID,FirstName,LastName,Unit,Email,StaffID) VALUES(4,"thee","pluto","H","plutoc@gmail.com",10);
INSERT INTO Pharmacist(PharmacistID,FirstName,LastName,Unit,Email,StaffID) VALUES(5,"earth","quake","U","earthq@gmail.com",10);
INSERT INTO Pharmacist(PharmacistID,FirstName,LastName,Unit,Email,StaffID) VALUES(6,"njoro","campus","C","egerton@gmail.com",10);
INSERT INTO Pharmacist(PharmacistID,FirstName,LastName,Unit,Email,StaffID) VALUES(7,"thees","world","D","worldthis@gmail.com",10);

-- 24
INSERT INTO DrugCategory(DrugCategoryID,CategoryName,AdditionalInfo) VALUES(1,"Antibiotics","use to boost body immune ");
INSERT INTO DrugCategory(DrugCategoryID,CategoryName,AdditionalInfo) VALUES(2,"Painkiller","to releive pain");
INSERT INTO DrugCategory(DrugCategoryID,CategoryName,AdditionalInfo) VALUES(3,"Injection","used to inject to patient");
INSERT INTO DrugCategory(DrugCategoryID,CategoryName,AdditionalInfo) VALUES(4,"Painkiller","to releive pain");
INSERT INTO DrugCategory(DrugCategoryID,CategoryName,AdditionalInfo) VALUES(5,"Antibiotics","use to boost body immune");
INSERT INTO DrugCategory(DrugCategoryID,CategoryName,AdditionalInfo) VALUES(6,"Injection","used to inject to patient");
INSERT INTO DrugCategory(DrugCategoryID,CategoryName,AdditionalInfo) VALUES(7,"relaxants","");
INSERT INTO DrugCategory(DrugCategoryID,CategoryName,AdditionalInfo) VALUES(8,"surgical","");
INSERT INTO DrugCategory(DrugCategoryID,CategoryName,AdditionalInfo) VALUES(9,"children","");
INSERT INTO DrugCategory(DrugCategoryID,CategoryName,AdditionalInfo) VALUES(10,"adults","");
INSERT INTO DrugCategory(DrugCategoryID,CategoryName,AdditionalInfo) VALUES(11,"Maternal","");
INSERT INTO DrugCategory(DrugCategoryID,CategoryName,AdditionalInfo) VALUES(12,"first aid","");
INSERT INTO DrugCategory(DrugCategoryID,CategoryName,AdditionalInfo) VALUES(13,"labs","");
INSERT INTO DrugCategory(DrugCategoryID,CategoryName,AdditionalInfo) VALUES(14,"preservatives","");
INSERT INTO DrugCategory(DrugCategoryID,CategoryName,AdditionalInfo) VALUES(15,"all purpose","");
INSERT INTO DrugCategory(DrugCategoryID,CategoryName,AdditionalInfo) VALUES(16,"burns","");
INSERT INTO DrugCategory(DrugCategoryID,CategoryName,AdditionalInfo) VALUES(17,"water","");
INSERT INTO DrugCategory(DrugCategoryID,CategoryName,AdditionalInfo) VALUES(18,"spirits","");
INSERT INTO DrugCategory(DrugCategoryID,CategoryName,AdditionalInfo) VALUES(19,"bones","");
INSERT INTO DrugCategory(DrugCategoryID,CategoryName,AdditionalInfo) VALUES(20,"accidents","");

-- 25
INSERT INTO MANUFACTURER(ManufacturerID,Name,MfgLicense,Website,Email,Location) VALUES(1,"Ianson","AKSS","","iaNSON@co.ke","Pangai");
INSERT INTO MANUFACTURER(ManufacturerID,Name,MfgLicense,Website,Email,Location) VALUES(2,"Iason","AKSE","","iason@co.ke","Pangani");
INSERT INTO MANUFACTURER(ManufacturerID,Name,MfgLicense,Website,Email,Location) VALUES(3,"Ianon","AKSR","","ianona@co.ke","Texas");
INSERT INTO MANUFACTURER(ManufacturerID,Name,MfgLicense,Website,Email,Location) VALUES(4,"Iaon","AKST","","iaon@co.ke","Russia");
INSERT INTO MANUFACTURER(ManufacturerID,Name,MfgLicense,Website,Email,Location) VALUES(5,"Inson","AKSY","","inson@co.ke","Kenya");
INSERT INTO MANUFACTURER(ManufacturerID,Name,MfgLicense,Website,Email,Location) VALUES(6,"Ianson1","AKSS1","","iaNSON1@co.ke","Pangai");
INSERT INTO MANUFACTURER(ManufacturerID,Name,MfgLicense,Website,Email,Location) VALUES(7,"Iason1","AKSE1","","iason1@co.ke","Pangani");
INSERT INTO MANUFACTURER(ManufacturerID,Name,MfgLicense,Website,Email,Location) VALUES(8,"Ianon1","AKSR1","","ianona1@co.ke","Texas");
INSERT INTO MANUFACTURER(ManufacturerID,Name,MfgLicense,Website,Email,Location) VALUES(9,"Iaon1","AKST1","","iaon1@co.ke","Russia");
INSERT INTO MANUFACTURER(ManufacturerID,Name,MfgLicense,Website,Email,Location) VALUES(10,"Inson1","AKSY1","","inson1@co.ke","Kenya");
INSERT INTO MANUFACTURER(ManufacturerID,Name,MfgLicense,Website,Email,Location) VALUES(11,"Ianson2","AKSS2","","iaNSON@co.ke","Pangai");
INSERT INTO MANUFACTURER(ManufacturerID,Name,MfgLicense,Website,Email,Location) VALUES(12,"Iason2","AKSE2","","iason@co.ke","Pangani");
INSERT INTO MANUFACTURER(ManufacturerID,Name,MfgLicense,Website,Email,Location) VALUES(13,"Ianon2","AKSR2","","ianona@co.ke","Texas");
INSERT INTO MANUFACTURER(ManufacturerID,Name,MfgLicense,Website,Email,Location) VALUES(14,"Iaon2","AKST2","","iaon@co.ke","Russia");
INSERT INTO MANUFACTURER(ManufacturerID,Name,MfgLicense,Website,Email,Location) VALUES(15,"Inson2","AKSY2","","inson@co.ke","Kenya");
INSERT INTO MANUFACTURER(ManufacturerID,Name,MfgLicense,Website,Email,Location) VALUES(16,"Ianson12","AKSS12","","iaNSON1@co.ke","Pangai");
INSERT INTO MANUFACTURER(ManufacturerID,Name,MfgLicense,Website,Email,Location) VALUES(17,"Iason12","AKSE12","","iason1@co.ke","Pangani");
INSERT INTO MANUFACTURER(ManufacturerID,Name,MfgLicense,Website,Email,Location) VALUES(18,"Ianon12","AKSR12","","ianona1@co.ke","Texas");
INSERT INTO MANUFACTURER(ManufacturerID,Name,MfgLicense,Website,Email,Location) VALUES(19,"Iaon12","AKST12","","iaon1@co.ke","Russia");
INSERT INTO MANUFACTURER(ManufacturerID,Name,MfgLicense,Website,Email,Location) VALUES(20,"Inson12","AKSY12","","inson1@co.ke","Kenya");



-- 26
INSERT INTO Drug(DrugID,DrugName,SideEffects,ExpiryDate,ManufacturerID,Available,DrugCategoryID) VALUES(1,"xyz","dizzines","2025-01-01",17,"Yes",11);
INSERT INTO Drug(DrugID,DrugName,SideEffects,ExpiryDate,ManufacturerID,Available,DrugCategoryID) VALUES(2,"zulu","poor eyesight","2026-02-21",17,"Yes",12);
INSERT INTO Drug(DrugID,DrugName,SideEffects,ExpiryDate,ManufacturerID,Available,DrugCategoryID) VALUES(3,"ompz","staomache","2025-03-13",17,"no",13);
INSERT INTO Drug(DrugID,DrugName,SideEffects,ExpiryDate,ManufacturerID,Available,DrugCategoryID) VALUES(4,"epz","fatigue","2027-04-01",17,"Yes",14);
INSERT INTO Drug(DrugID,DrugName,SideEffects,ExpiryDate,ManufacturerID,Available,DrugCategoryID) VALUES(5,"alz","dizziness","2025-05-10",17,"no",14);
INSERT INTO Drug(DrugID,DrugName,SideEffects,ExpiryDate,ManufacturerID,Available,DrugCategoryID) VALUES(6,"xz","anxiety","2024-06-22",17,"Yes",16);
INSERT INTO Drug(DrugID,DrugName,SideEffects,ExpiryDate,ManufacturerID,Available,DrugCategoryID) VALUES(7,"z","dizzines","2025-01-01",17,"Yes",11);
INSERT INTO Drug(DrugID,DrugName,SideEffects,ExpiryDate,ManufacturerID,Available,DrugCategoryID) VALUES(8,"bzy","poor eyesight","2026-02-21",17,"Yes",12);
INSERT INTO Drug(DrugID,DrugName,SideEffects,ExpiryDate,ManufacturerID,Available,DrugCategoryID) VALUES(9,"ompzll","staomache","2025-03-13",17,"no",13);
INSERT INTO Drug(DrugID,DrugName,SideEffects,ExpiryDate,ManufacturerID,Available,DrugCategoryID) VALUES(10,"iopz","fatigue","2027-04-01",17,"Yes",14);
INSERT INTO Drug(DrugID,DrugName,SideEffects,ExpiryDate,ManufacturerID,Available,DrugCategoryID) VALUES(11,"aloiz","dizziness","2025-05-10",17,"no",14);
INSERT INTO Drug(DrugID,DrugName,SideEffects,ExpiryDate,ManufacturerID,Available,DrugCategoryID) VALUES(12,"hhhxz","anxiety","2024-06-22",17,"Yes",16);
INSERT INTO Drug(DrugID,DrugName,SideEffects,ExpiryDate,ManufacturerID,Available,DrugCategoryID) VALUES(13,"xiiyz","dizzines","2025-01-01",17,"Yes",11);
INSERT INTO Drug(DrugID,DrugName,SideEffects,ExpiryDate,ManufacturerID,Available,DrugCategoryID) VALUES(14,"zu","poor eyesight","2026-02-21",17,"Yes",12);
INSERT INTO Drug(DrugID,DrugName,SideEffects,ExpiryDate,ManufacturerID,Available,DrugCategoryID) VALUES(15,"ommpz","staomache","2025-03-13",17,"no",13);
INSERT INTO Drug(DrugID,DrugName,SideEffects,ExpiryDate,ManufacturerID,Available,DrugCategoryID) VALUES(16,"12epz","fatigue","2027-04-01",17,"Yes",14);
INSERT INTO Drug(DrugID,DrugName,SideEffects,ExpiryDate,ManufacturerID,Available,DrugCategoryID) VALUES(17,"aiiilz","dizziness","2025-05-10",17,"no",14);
INSERT INTO Drug(DrugID,DrugName,SideEffects,ExpiryDate,ManufacturerID,Available,DrugCategoryID) VALUES(18,"xuy","anxiety","2024-06-22",17,"Yes",16);
INSERT INTO Drug(DrugID,DrugName,SideEffects,ExpiryDate,ManufacturerID,Available,DrugCategoryID) VALUES(19,"uuxyz","dizzines","2025-01-01",17,"Yes",11);
INSERT INTO Drug(DrugID,DrugName,SideEffects,ExpiryDate,ManufacturerID,Available,DrugCategoryID) VALUES(20,"z1lu","poor eyesight","2026-02-21",17,"Yes",12);
INSERT INTO Drug(DrugID,DrugName,SideEffects,ExpiryDate,ManufacturerID,Available,DrugCategoryID) VALUES(21,"cccc","staomache","2025-03-13",17,"no",13);
INSERT INTO Drug(DrugID,DrugName,SideEffects,ExpiryDate,ManufacturerID,Available,DrugCategoryID) VALUES(22,"ep9z","fatigue","2027-04-01",17,"Yes",14);
INSERT INTO Drug(DrugID,DrugName,SideEffects,ExpiryDate,ManufacturerID,Available,DrugCategoryID) VALUES(23,"alz","dizziness","2025-05-10",17,"no",14);
INSERT INTO Drug(DrugID,DrugName,SideEffects,ExpiryDate,ManufacturerID,Available,DrugCategoryID) VALUES(24,"xz","anxiety","2024-06-22",17,"Yes",16);
INSERT INTO Drug(DrugID,DrugName,SideEffects,ExpiryDate,ManufacturerID,Available,DrugCategoryID) VALUES(25,"xyz1","dizzines","2025-01-01",17,"Yes",11);
INSERT INTO Drug(DrugID,DrugName,SideEffects,ExpiryDate,ManufacturerID,Available,DrugCategoryID) VALUES(26,"zlulu","poor eyesight","2026-02-21",17,"Yes",12);
INSERT INTO Drug(DrugID,DrugName,SideEffects,ExpiryDate,ManufacturerID,Available,DrugCategoryID) VALUES(27,"09mpz","staomache","2025-03-13",17,"no",13);
INSERT INTO Drug(DrugID,DrugName,SideEffects,ExpiryDate,ManufacturerID,Available,DrugCategoryID) VALUES(28,"eepz","fatigue","2027-04-01",17,"Yes",14);
INSERT INTO Drug(DrugID,DrugName,SideEffects,ExpiryDate,ManufacturerID,Available,DrugCategoryID) VALUES(29,"9alz","dizziness","2025-05-10",17,"no",14);
INSERT INTO Drug(DrugID,DrugName,SideEffects,ExpiryDate,ManufacturerID,Available,DrugCategoryID) VALUES(30,"xz","anxiety","2024-06-22",17,"Yes",16);
INSERT INTO Drug(DrugID,DrugName,SideEffects,ExpiryDate,ManufacturerID,Available,DrugCategoryID) VALUES(31,"xyzop","dizzines","2025-01-01",17,"Yes",11);
INSERT INTO Drug(DrugID,DrugName,SideEffects,ExpiryDate,ManufacturerID,Available,DrugCategoryID) VALUES(32,"ziulu","poor eyesight","2026-02-21",17,"Yes",12);
INSERT INTO Drug(DrugID,DrugName,SideEffects,ExpiryDate,ManufacturerID,Available,DrugCategoryID) VALUES(33,"oz","staomache","2025-03-13",17,"no",13);
INSERT INTO Drug(DrugID,DrugName,SideEffects,ExpiryDate,ManufacturerID,Available,DrugCategoryID) VALUES(34,"epmmz","fatigue","2027-04-01",17,"Yes",14);
INSERT INTO Drug(DrugID,DrugName,SideEffects,ExpiryDate,ManufacturerID,Available,DrugCategoryID) VALUES(35,"alz","dizziness","2025-05-10",17,"no",14);
INSERT INTO Drug(DrugID,DrugName,SideEffects,ExpiryDate,ManufacturerID,Available,DrugCategoryID) VALUES(36,"xoppz","anxiety","2024-06-22",17,"Yes",16);
INSERT INTO Drug(DrugID,DrugName,SideEffects,ExpiryDate,ManufacturerID,Available,DrugCategoryID) VALUES(37,"xyzop","dizzines","2025-01-01",17,"Yes",11);
INSERT INTO Drug(DrugID,DrugName,SideEffects,ExpiryDate,ManufacturerID,Available,DrugCategoryID) VALUES(38,"zioulu","poor eyesight","2029-02-21",17,"Yes",12);
INSERT INTO Drug(DrugID,DrugName,SideEffects,ExpiryDate,ManufacturerID,Available,DrugCategoryID) VALUES(39,"omopmpz","staomache","2028-03-13",17,"no",13);
INSERT INTO Drug(DrugID,DrugName,SideEffects,ExpiryDate,ManufacturerID,Available,DrugCategoryID) VALUES(40,"epzpl","fatigue","2027-08-09",17,"Yes",14);
INSERT INTO Drug(DrugID,DrugName,SideEffects,ExpiryDate,ManufacturerID,Available,DrugCategoryID) VALUES(41,"arlz","dizziness","2025-05-10",17,"no",14);
INSERT INTO Drug(DrugID,DrugName,SideEffects,ExpiryDate,ManufacturerID,Available,DrugCategoryID) VALUES(42,"uiixz","anxiety","2024-06-22",17,"Yes",16);
INSERT INTO Drug(DrugID,DrugName,SideEffects,ExpiryDate,ManufacturerID,Available,DrugCategoryID) VALUES(43,"xuyz","dizzines","2025-01-01",17,"Yes",11);
INSERT INTO Drug(DrugID,DrugName,SideEffects,ExpiryDate,ManufacturerID,Available,DrugCategoryID) VALUES(44,"rezulu","poor eyesight","2026-02-21",17,"Yes",12);
INSERT INTO Drug(DrugID,DrugName,SideEffects,ExpiryDate,ManufacturerID,Available,DrugCategoryID) VALUES(45,"opompz","staomache","2025-03-13",17,"no",13);
INSERT INTO Drug(DrugID,DrugName,SideEffects,ExpiryDate,ManufacturerID,Available,DrugCategoryID) VALUES(46,"aweepz","fatigue","2027-04-01",17,"Yes",14);
INSERT INTO Drug(DrugID,DrugName,SideEffects,ExpiryDate,ManufacturerID,Available,DrugCategoryID) VALUES(47,"opalz","dizziness","2025-05-10",17,"no",14);
INSERT INTO Drug(DrugID,DrugName,SideEffects,ExpiryDate,ManufacturerID,Available,DrugCategoryID) VALUES(48,"opxz","anxiety","2024-06-22",17,"Yes",16);
INSERT INTO Drug(DrugID,DrugName,SideEffects,ExpiryDate,ManufacturerID,Available,DrugCategoryID) VALUES(49,"ttxyz","dizzines","2025-01-01",17,"Yes",11);
INSERT INTO Drug(DrugID,DrugName,SideEffects,ExpiryDate,ManufacturerID,Available,DrugCategoryID) VALUES(50,"zulu","poor eyesight","2026-02-21",17,"Yes",12);
INSERT INTO Drug(DrugID,DrugName,SideEffects,ExpiryDate,ManufacturerID,Available,DrugCategoryID) VALUES(51,"ompz","staomache","2025-03-13",17,"no",13);
INSERT INTO Drug(DrugID,DrugName,SideEffects,ExpiryDate,ManufacturerID,Available,DrugCategoryID) VALUES(52,"epz","fatigue","2027-04-01",17,"Yes",14);
INSERT INTO Drug(DrugID,DrugName,SideEffects,ExpiryDate,ManufacturerID,Available,DrugCategoryID) VALUES(53,"xz","anxiety","2024-06-22",17,"Yes",16);
INSERT INTO Drug(DrugID,DrugName,SideEffects,ExpiryDate,ManufacturerID,Available,DrugCategoryID) VALUES(54,"xyz","dizzines","2025-01-01",17,"Yes",11);
INSERT INTO Drug(DrugID,DrugName,SideEffects,ExpiryDate,ManufacturerID,Available,DrugCategoryID) VALUES(55,"ompz","staomache","2025-03-13",17,"no",13);
INSERT INTO Drug(DrugID,DrugName,SideEffects,ExpiryDate,ManufacturerID,Available,DrugCategoryID) VALUES(56,"epz","fatigue","2027-04-01",17,"Yes",14);
INSERT INTO Drug(DrugID,DrugName,SideEffects,ExpiryDate,ManufacturerID,Available,DrugCategoryID) VALUES(57,"alz","dizziness","2025-05-10",17,"no",14);
INSERT INTO Drug(DrugID,DrugName,SideEffects,ExpiryDate,ManufacturerID,Available,DrugCategoryID) VALUES(58,"xz","anxiety","2024-06-22",17,"Yes",16);
INSERT INTO Drug(DrugID,DrugName,SideEffects,ExpiryDate,ManufacturerID,Available,DrugCategoryID) VALUES(59,"xyz","dizzines","2025-01-01",17,"Yes",11);
INSERT INTO Drug(DrugID,DrugName,SideEffects,ExpiryDate,ManufacturerID,Available,DrugCategoryID) VALUES(60,"zulu","poor eyesight","2026-02-21",17,"Yes",12);
INSERT INTO Drug(DrugID,DrugName,SideEffects,ExpiryDate,ManufacturerID,Available,DrugCategoryID) VALUES(61,"ompz","staomache","2025-03-13",17,"no",13);
INSERT INTO Drug(DrugID,DrugName,SideEffects,ExpiryDate,ManufacturerID,Available,DrugCategoryID) VALUES(62,"epz","fatigue","2027-04-01",17,"Yes",14);
INSERT INTO Drug(DrugID,DrugName,SideEffects,ExpiryDate,ManufacturerID,Available,DrugCategoryID) VALUES(63,"alz","dizziness","2025-05-10",17,"no",14);
INSERT INTO Drug(DrugID,DrugName,SideEffects,ExpiryDate,ManufacturerID,Available,DrugCategoryID) VALUES(64,"xz","anxiety","2024-06-22",17,"Yes",16);
INSERT INTO Drug(DrugID,DrugName,SideEffects,ExpiryDate,ManufacturerID,Available,DrugCategoryID) VALUES(65,"xyz","dizzines","2025-01-01",17,"Yes",11);
INSERT INTO Drug(DrugID,DrugName,SideEffects,ExpiryDate,ManufacturerID,Available,DrugCategoryID) VALUES(66,"zulu","poor eyesight","2026-02-21",17,"Yes",12);
INSERT INTO Drug(DrugID,DrugName,SideEffects,ExpiryDate,ManufacturerID,Available,DrugCategoryID) VALUES(67,"ompz","staomache","2025-03-13",17,"no",13);
INSERT INTO Drug(DrugID,DrugName,SideEffects,ExpiryDate,ManufacturerID,Available,DrugCategoryID) VALUES(68,"epz","fatigue","2027-04-01",17,"Yes",14);
INSERT INTO Drug(DrugID,DrugName,SideEffects,ExpiryDate,ManufacturerID,Available,DrugCategoryID) VALUES(69,"alz","dizziness","2025-05-10",17,"no",14);
INSERT INTO Drug(DrugID,DrugName,SideEffects,ExpiryDate,ManufacturerID,Available,DrugCategoryID) VALUES(70,"xz","anxiety","2024-06-22",17,"Yes",16);
INSERT INTO Drug(DrugID,DrugName,SideEffects,ExpiryDate,ManufacturerID,Available,DrugCategoryID) VALUES(71,"xyz","dizzines","2025-01-01",17,"Yes",11);
INSERT INTO Drug(DrugID,DrugName,SideEffects,ExpiryDate,ManufacturerID,Available,DrugCategoryID) VALUES(72,"zulu","poor eyesight","2026-02-21",17,"Yes",12);
INSERT INTO Drug(DrugID,DrugName,SideEffects,ExpiryDate,ManufacturerID,Available,DrugCategoryID) VALUES(73,"ompz","staomache","2025-03-13",17,"no",13);
INSERT INTO Drug(DrugID,DrugName,SideEffects,ExpiryDate,ManufacturerID,Available,DrugCategoryID) VALUES(74,"epz","fatigue","2027-04-01",17,"Yes",14);
INSERT INTO Drug(DrugID,DrugName,SideEffects,ExpiryDate,ManufacturerID,Available,DrugCategoryID) VALUES(75,"alz","dizziness","2025-05-10",17,"no",14);
INSERT INTO Drug(DrugID,DrugName,SideEffects,ExpiryDate,ManufacturerID,Available,DrugCategoryID) VALUES(76,"xz","anxiety","2024-06-22",17,"Yes",16);
INSERT INTO Drug(DrugID,DrugName,SideEffects,ExpiryDate,ManufacturerID,Available,DrugCategoryID) VALUES(77,"xyz","dizzines","2025-01-01",17,"Yes",11);
INSERT INTO Drug(DrugID,DrugName,SideEffects,ExpiryDate,ManufacturerID,Available,DrugCategoryID) VALUES(78,"zulu","poor eyesight","2026-02-21",17,"Yes",12);
INSERT INTO Drug(DrugID,DrugName,SideEffects,ExpiryDate,ManufacturerID,Available,DrugCategoryID) VALUES(79,"ompz","staomache","2025-03-13",17,"no",13);
INSERT INTO Drug(DrugID,DrugName,SideEffects,ExpiryDate,ManufacturerID,Available,DrugCategoryID) VALUES(80,"epz","fatigue","2027-04-01",17,"Yes",14);
INSERT INTO Drug(DrugID,DrugName,SideEffects,ExpiryDate,ManufacturerID,Available,DrugCategoryID) VALUES(81,"alz","dizziness","2025-05-10",17,"no",14);
INSERT INTO Drug(DrugID,DrugName,SideEffects,ExpiryDate,ManufacturerID,Available,DrugCategoryID) VALUES(82,"xz","anxiety","2024-06-22",17,"Yes",16);
INSERT INTO Drug(DrugID,DrugName,SideEffects,ExpiryDate,ManufacturerID,Available,DrugCategoryID) VALUES(83,"alz","dizziness","2025-05-10",17,"no",14);
INSERT INTO Drug(DrugID,DrugName,SideEffects,ExpiryDate,ManufacturerID,Available,DrugCategoryID) VALUES(84,"zulu","poor eyesight","2026-02-21",17,"Yes",12);

-- 27
INSERT INTO DrugItemPackage(DrugPackageCode,DrugID,PharmacistID,PackageType,Quantity,Price) VALUES(1,1,4,"Good",1,101);
INSERT INTO DrugItemPackage(DrugPackageCode,DrugID,PharmacistID,PackageType,Quantity,Price) VALUES(2,1,5,"Good",1,115);
INSERT INTO DrugItemPackage(DrugPackageCode,DrugID,PharmacistID,PackageType,Quantity,Price) VALUES(3,1,4,"Good",1,141);
INSERT INTO DrugItemPackage(DrugPackageCode,DrugID,PharmacistID,PackageType,Quantity,Price) VALUES(4,1,4,"Good",1,171);
INSERT INTO DrugItemPackage(DrugPackageCode,DrugID,PharmacistID,PackageType,Quantity,Price) VALUES(5,1,4,"Good",1,118);
INSERT INTO DrugItemPackage(DrugPackageCode,DrugID,PharmacistID,PackageType,Quantity,Price) VALUES(6,1,4,"Good",1,110);

-- 28
INSERT INTO DrugPayments(DrugPaymentID,Amount,PayDate,PaymentMethod,DrugPackageCode) VALUES(1,101,"2022-04-10","Cash",1);
INSERT INTO DrugPayments(DrugPaymentID,Amount,PayDate,PaymentMethod,DrugPackageCode) VALUES(2,115,"2022-04-11","Cash",2);
INSERT INTO DrugPayments(DrugPaymentID,Amount,PayDate,PaymentMethod,DrugPackageCode) VALUES(3,141,"2022-04-11","Cash",3);
INSERT INTO DrugPayments(DrugPaymentID,Amount,PayDate,PaymentMethod,DrugPackageCode) VALUES(4,171,"2022-04-11","Cash",4);
INSERT INTO DrugPayments(DrugPaymentID,Amount,PayDate,PaymentMethod,DrugPackageCode) VALUES(5,118,"2022-04-10","Cash",5);
INSERT INTO DrugPayments(DrugPaymentID,Amount,PayDate,PaymentMethod,DrugPackageCode) VALUES(6,110,"2022-04-10","Cash",6);

-- 29
INSERT INTO PurchasingOfficer(OfficerID,FirstName,LastName,DOB,StaffID) VALUES (1,"bony","kendi","1992-02-12",18);
INSERT INTO PurchasingOfficer(OfficerID,FirstName,LastName,DOB,StaffID) VALUES (2,"kimani","njoro","1990-03-22",18);
INSERT INTO PurchasingOfficer(OfficerID,FirstName,LastName,DOB,StaffID) VALUES (3,"sam","maguire","1996-04-20",18);
INSERT INTO PurchasingOfficer(OfficerID,FirstName,LastName,DOB,StaffID) VALUES (4,"jenelle","korir","1987-05-11",18);
INSERT INTO PurchasingOfficer(OfficerID,FirstName,LastName,DOB,StaffID) VALUES (5,"ayub","koko","1989-06-17",18);
INSERT INTO PurchasingOfficer(OfficerID,FirstName,LastName,DOB,StaffID) VALUES (6,"barack","shykler","1986-07-24",18);

-- 30
INSERT INTO Vendor(VendorID,AccountNumber,Name,TypeOfService,Email,Website) VALUES(1,"123A","XYZ","Joint","xyz@co.ke","");
INSERT INTO Vendor(VendorID,AccountNumber,Name,TypeOfService,Email,Website) VALUES(2,"143A","ZXC","Joint","zxc@co.ke","");
INSERT INTO Vendor(VendorID,AccountNumber,Name,TypeOfService,Email,Website) VALUES(3,"126A","ABC","Joint","abc@co.ke","");
INSERT INTO Vendor(VendorID,AccountNumber,Name,TypeOfService,Email,Website) VALUES(4,"345A","EFG","Joint","efg@co.ke","");
INSERT INTO Vendor(VendorID,AccountNumber,Name,TypeOfService,Email,Website) VALUES(5,"130B","JKL","Joint","jkl@co.ke","");
INSERT INTO Vendor(VendorID,AccountNumber,Name,TypeOfService,Email,Website) VALUES(6,"1A","XYZ","Joint","xyz@co.ke","");
INSERT INTO Vendor(VendorID,AccountNumber,Name,TypeOfService,Email,Website) VALUES(7,"2A","ZXC","Joint","zxc@co.ke","");
INSERT INTO Vendor(VendorID,AccountNumber,Name,TypeOfService,Email,Website) VALUES(8,"3A","ABC","Joint","abc@co.ke","");
INSERT INTO Vendor(VendorID,AccountNumber,Name,TypeOfService,Email,Website) VALUES(9,"4A","EFG","Joint","efg@co.ke","");
INSERT INTO Vendor(VendorID,AccountNumber,Name,TypeOfService,Email,Website) VALUES(10,"55B","JKL","Joint","jkl@co.ke","");
INSERT INTO Vendor(VendorID,AccountNumber,Name,TypeOfService,Email,Website) VALUES(11,"1253A","X6YZ","Joint","xyz@co.ke","");
INSERT INTO Vendor(VendorID,AccountNumber,Name,TypeOfService,Email,Website) VALUES(12,"1435A","ZX6C","Joint","zxc@co.ke","");
INSERT INTO Vendor(VendorID,AccountNumber,Name,TypeOfService,Email,Website) VALUES(13,"1265A","ABC6","Joint","abc@co.ke","");
INSERT INTO Vendor(VendorID,AccountNumber,Name,TypeOfService,Email,Website) VALUES(14,"3455A","EFG6","Joint","efg@co.ke","");
INSERT INTO Vendor(VendorID,AccountNumber,Name,TypeOfService,Email,Website) VALUES(15,"130B","JKL6","Joint","jkl@co.ke","");
INSERT INTO Vendor(VendorID,AccountNumber,Name,TypeOfService,Email,Website) VALUES(16,"15A","XYZ6","Joint","xyz@co.ke","");
INSERT INTO Vendor(VendorID,AccountNumber,Name,TypeOfService,Email,Website) VALUES(17,"25A","ZXC6","Joint","zxc@co.ke","");
INSERT INTO Vendor(VendorID,AccountNumber,Name,TypeOfService,Email,Website) VALUES(18,"35A","ABC6","Joint","abc@co.ke","");
INSERT INTO Vendor(VendorID,AccountNumber,Name,TypeOfService,Email,Website) VALUES(19,"45A","EFG6","Joint","efg@co.ke","");
INSERT INTO Vendor(VendorID,AccountNumber,Name,TypeOfService,Email,Website) VALUES(20,"55B","JKL6","Joint","jkl@co.ke","");
INSERT INTO Vendor(VendorID,AccountNumber,Name,TypeOfService,Email,Website) VALUES(21,"1523A","XY6Z","Joint","xyz@co.ke","");
INSERT INTO Vendor(VendorID,AccountNumber,Name,TypeOfService,Email,Website) VALUES(22,"143A","ZXC6","Joint","zxc@co.ke","");
INSERT INTO Vendor(VendorID,AccountNumber,Name,TypeOfService,Email,Website) VALUES(23,"126A","ABC6","Joint","abc@co.ke","");
INSERT INTO Vendor(VendorID,AccountNumber,Name,TypeOfService,Email,Website) VALUES(24,"3455A","EF6G","Joint","efg@co.ke","");
INSERT INTO Vendor(VendorID,AccountNumber,Name,TypeOfService,Email,Website) VALUES(25,"1305B","JK6L","Joint","jkl@co.ke","");
INSERT INTO Vendor(VendorID,AccountNumber,Name,TypeOfService,Email,Website) VALUES(26,"15A","XY6Z","Joint","xyz@co.ke","");
INSERT INTO Vendor(VendorID,AccountNumber,Name,TypeOfService,Email,Website) VALUES(27,"2A5","ZX6C","Joint","zxc@co.ke","");
INSERT INTO Vendor(VendorID,AccountNumber,Name,TypeOfService,Email,Website) VALUES(28,"3A5","ABC6","Joint","abc@co.ke","");
INSERT INTO Vendor(VendorID,AccountNumber,Name,TypeOfService,Email,Website) VALUES(29,"4A5","EFG6","Joint","efg@co.ke","");
INSERT INTO Vendor(VendorID,AccountNumber,Name,TypeOfService,Email,Website) VALUES(30,"5B5","JKL6","Joint","jkl@co.ke","");
INSERT INTO Vendor(VendorID,AccountNumber,Name,TypeOfService,Email,Website) VALUES(31,"1235A","XY6Z","Joint","xyz@co.ke","");
INSERT INTO Vendor(VendorID,AccountNumber,Name,TypeOfService,Email,Website) VALUES(32,"1435A","ZXC6","Joint","zxc@co.ke","");
INSERT INTO Vendor(VendorID,AccountNumber,Name,TypeOfService,Email,Website) VALUES(33,"1265A","ABC6","Joint","abc@co.ke","");
INSERT INTO Vendor(VendorID,AccountNumber,Name,TypeOfService,Email,Website) VALUES(34,"3455A","EFG6","Joint","efg@co.ke","");
INSERT INTO Vendor(VendorID,AccountNumber,Name,TypeOfService,Email,Website) VALUES(35,"130B5","JKL6","Joint","jkl@co.ke","");
INSERT INTO Vendor(VendorID,AccountNumber,Name,TypeOfService,Email,Website) VALUES(36,"15A","X6YZ","Joint","xyz@co.ke","");
INSERT INTO Vendor(VendorID,AccountNumber,Name,TypeOfService,Email,Website) VALUES(37,"2A","ZXC6","Joint","zxc@co.ke","");
INSERT INTO Vendor(VendorID,AccountNumber,Name,TypeOfService,Email,Website) VALUES(38,"35A","ABYC","Joint","abc@co.ke","");
INSERT INTO Vendor(VendorID,AccountNumber,Name,TypeOfService,Email,Website) VALUES(39,"45A","EFYG","Joint","efg@co.ke","");
INSERT INTO Vendor(VendorID,AccountNumber,Name,TypeOfService,Email,Website) VALUES(40,"55B","JKLY","Joint","jkl@co.ke","");
INSERT INTO Vendor(VendorID,AccountNumber,Name,TypeOfService,Email,Website) VALUES(41,"1253A","XYYZ","Joint","xyz@co.ke","");
INSERT INTO Vendor(VendorID,AccountNumber,Name,TypeOfService,Email,Website) VALUES(42,"1435A","ZXCY","Joint","zxc@co.ke","");
INSERT INTO Vendor(VendorID,AccountNumber,Name,TypeOfService,Email,Website) VALUES(43,"126A5","ABCY","Joint","abc@co.ke","");
INSERT INTO Vendor(VendorID,AccountNumber,Name,TypeOfService,Email,Website) VALUES(44,"345A5","EFGY","Joint","efg@co.ke","");
INSERT INTO Vendor(VendorID,AccountNumber,Name,TypeOfService,Email,Website) VALUES(45,"130B5","JKLY","Joint","jkl@co.ke","");
INSERT INTO Vendor(VendorID,AccountNumber,Name,TypeOfService,Email,Website) VALUES(46,"15A","XYZU","Joint","xyz@co.ke","");
INSERT INTO Vendor(VendorID,AccountNumber,Name,TypeOfService,Email,Website) VALUES(47,"2A5","ZXCU","Joint","zxc@co.ke","");
INSERT INTO Vendor(VendorID,AccountNumber,Name,TypeOfService,Email,Website) VALUES(48,"3A5","ABCU","Joint","abc@co.ke","");
INSERT INTO Vendor(VendorID,AccountNumber,Name,TypeOfService,Email,Website) VALUES(49,"4A5","EFGU","Joint","efg@co.ke","");
INSERT INTO Vendor(VendorID,AccountNumber,Name,TypeOfService,Email,Website) VALUES(50,"5B5","JKLU","Joint","jkl@co.ke","");
INSERT INTO Vendor(VendorID,AccountNumber,Name,TypeOfService,Email,Website) VALUES(51,"1235A","XYUZ","Joint","xyz@co.ke","");
INSERT INTO Vendor(VendorID,AccountNumber,Name,TypeOfService,Email,Website) VALUES(52,"143A5","ZXCU","Joint","zxc@co.ke","");
INSERT INTO Vendor(VendorID,AccountNumber,Name,TypeOfService,Email,Website) VALUES(53,"126A5","ABCU","Joint","abc@co.ke","");
INSERT INTO Vendor(VendorID,AccountNumber,Name,TypeOfService,Email,Website) VALUES(54,"345A","EFGU","Joint","efg@co.ke","");
INSERT INTO Vendor(VendorID,AccountNumber,Name,TypeOfService,Email,Website) VALUES(55,"130B6","JKLU","Joint","jkl@co.ke","");
INSERT INTO Vendor(VendorID,AccountNumber,Name,TypeOfService,Email,Website) VALUES(56,"16A","XYZ","Joint","xyz@co.ke","");
INSERT INTO Vendor(VendorID,AccountNumber,Name,TypeOfService,Email,Website) VALUES(57,"2A6","ZXRC","Joint","zxc@co.ke","");
INSERT INTO Vendor(VendorID,AccountNumber,Name,TypeOfService,Email,Website) VALUES(58,"3A6","ABTC","Joint","abc@co.ke","");
INSERT INTO Vendor(VendorID,AccountNumber,Name,TypeOfService,Email,Website) VALUES(59,"4A6","EFG","Joint","efg@co.ke","");
INSERT INTO Vendor(VendorID,AccountNumber,Name,TypeOfService,Email,Website) VALUES(60,"5B6","JKLI","Joint","jkl@co.ke","");
INSERT INTO Vendor(VendorID,AccountNumber,Name,TypeOfService,Email,Website) VALUES(61,"1236A","XYIZ","Joint","xyz@co.ke","");
INSERT INTO Vendor(VendorID,AccountNumber,Name,TypeOfService,Email,Website) VALUES(62,"143A5","ZXCI","Joint","zxc@co.ke","");
INSERT INTO Vendor(VendorID,AccountNumber,Name,TypeOfService,Email,Website) VALUES(63,"126A5","ABCI","Joint","abc@co.ke","");
INSERT INTO Vendor(VendorID,AccountNumber,Name,TypeOfService,Email,Website) VALUES(64,"345A5","EFGI","Joint","efg@co.ke","");
INSERT INTO Vendor(VendorID,AccountNumber,Name,TypeOfService,Email,Website) VALUES(65,"130B5","JKLI","Joint","jkl@co.ke","");
INSERT INTO Vendor(VendorID,AccountNumber,Name,TypeOfService,Email,Website) VALUES(66,"1A5","XYZ","Joint","xyz@co.ke","");
INSERT INTO Vendor(VendorID,AccountNumber,Name,TypeOfService,Email,Website) VALUES(67,"2A5","ZXCO","Joint","zxc@co.ke","");
INSERT INTO Vendor(VendorID,AccountNumber,Name,TypeOfService,Email,Website) VALUES(68,"3A5","ABCV","Joint","abc@co.ke","");
INSERT INTO Vendor(VendorID,AccountNumber,Name,TypeOfService,Email,Website) VALUES(69,"4A5","EFGV","Joint","efg@co.ke","");
INSERT INTO Vendor(VendorID,AccountNumber,Name,TypeOfService,Email,Website) VALUES(70,"5B5","JKLV","Joint","jkl@co.ke","");
INSERT INTO Vendor(VendorID,AccountNumber,Name,TypeOfService,Email,Website) VALUES(71,"1235A","XYVZ","Joint","xyz@co.ke","");
INSERT INTO Vendor(VendorID,AccountNumber,Name,TypeOfService,Email,Website) VALUES(72,"143A5","ZXCV","Joint","zxc@co.ke","");
INSERT INTO Vendor(VendorID,AccountNumber,Name,TypeOfService,Email,Website) VALUES(73,"126A5","ABCV","Joint","abc@co.ke","");
INSERT INTO Vendor(VendorID,AccountNumber,Name,TypeOfService,Email,Website) VALUES(74,"345A5","EFGC","Joint","efg@co.ke","");
INSERT INTO Vendor(VendorID,AccountNumber,Name,TypeOfService,Email,Website) VALUES(75,"130B5","JKLC","Joint","jkl@co.ke","");
INSERT INTO Vendor(VendorID,AccountNumber,Name,TypeOfService,Email,Website) VALUES(76,"15A","XCYZ","Joint","xyz@co.ke","");
INSERT INTO Vendor(VendorID,AccountNumber,Name,TypeOfService,Email,Website) VALUES(77,"2A5","ZXCC","Joint","zxc@co.ke","");
INSERT INTO Vendor(VendorID,AccountNumber,Name,TypeOfService,Email,Website) VALUES(78,"3A5","ABC","Joint","abc@co.ke","");
INSERT INTO Vendor(VendorID,AccountNumber,Name,TypeOfService,Email,Website) VALUES(79,"4A5","EFGC","Joint","efg@co.ke","");
INSERT INTO Vendor(VendorID,AccountNumber,Name,TypeOfService,Email,Website) VALUES(80,"5B5","JKLC","Joint","jkl@co.ke","");
INSERT INTO Vendor(VendorID,AccountNumber,Name,TypeOfService,Email,Website) VALUES(81,"1235A","XYCZ","Joint","xyz@co.ke","");
INSERT INTO Vendor(VendorID,AccountNumber,Name,TypeOfService,Email,Website) VALUES(82,"1435A","ZXCc","Joint","zxc@co.ke","");
INSERT INTO Vendor(VendorID,AccountNumber,Name,TypeOfService,Email,Website) VALUES(83,"126A5","ABCc","Joint","abc@co.ke","");
INSERT INTO Vendor(VendorID,AccountNumber,Name,TypeOfService,Email,Website) VALUES(84,"345A5","EFGc","Joint","efg@co.ke","");
INSERT INTO Vendor(VendorID,AccountNumber,Name,TypeOfService,Email,Website) VALUES(85,"130B5","JKLc","Joint","jkl@co.ke","");
INSERT INTO Vendor(VendorID,AccountNumber,Name,TypeOfService,Email,Website) VALUES(86,"1A5","XYZc","Joint","xyz@co.ke","");
INSERT INTO Vendor(VendorID,AccountNumber,Name,TypeOfService,Email,Website) VALUES(87,"2A5","ZXCc","Joint","zxc@co.ke","");
INSERT INTO Vendor(VendorID,AccountNumber,Name,TypeOfService,Email,Website) VALUES(88,"3A","ABCc","Joint","abc@co.ke","");
INSERT INTO Vendor(VendorID,AccountNumber,Name,TypeOfService,Email,Website) VALUES(89,"4A5","EFGc","Joint","efg@co.ke","");
INSERT INTO Vendor(VendorID,AccountNumber,Name,TypeOfService,Email,Website) VALUES(90,"5B5","JKLc","Joint","jkl@co.ke","");
INSERT INTO Vendor(VendorID,AccountNumber,Name,TypeOfService,Email,Website) VALUES(91,"1253A","XcYZ","Joint","xyz@co.ke","");
INSERT INTO Vendor(VendorID,AccountNumber,Name,TypeOfService,Email,Website) VALUES(92,"1453A","ZXcC","Joint","zxc@co.ke","");
INSERT INTO Vendor(VendorID,AccountNumber,Name,TypeOfService,Email,Website) VALUES(93,"1256A","ABCc","Joint","abc@co.ke","");
INSERT INTO Vendor(VendorID,AccountNumber,Name,TypeOfService,Email,Website) VALUES(94,"3455A","EFGc","Joint","efg@co.ke","");
INSERT INTO Vendor(VendorID,AccountNumber,Name,TypeOfService,Email,Website) VALUES(95,"1305B","JKLc","Joint","jkl@co.ke","");
INSERT INTO Vendor(VendorID,AccountNumber,Name,TypeOfService,Email,Website) VALUES(96,"15A","XYZc","Joint","xyz@co.ke","");
INSERT INTO Vendor(VendorID,AccountNumber,Name,TypeOfService,Email,Website) VALUES(97,"25A","ZXCc","Joint","zxc@co.ke","");
INSERT INTO Vendor(VendorID,AccountNumber,Name,TypeOfService,Email,Website) VALUES(98,"35A","ABCc","Joint","abc@co.ke","");
INSERT INTO Vendor(VendorID,AccountNumber,Name,TypeOfService,Email,Website) VALUES(99,"45A","EFGc","Joint","efg@co.ke","");
INSERT INTO Vendor(VendorID,AccountNumber,Name,TypeOfService,Email,Website) VALUES(100,"55B","JKcL","Joint","jkl@co.ke","");


-- 31
INSERT INTO PurchaseDetails(VendorID,OfficerID,PurchaseDate,OtherInfo) VALUES(1,3,"2022-04-10","");
INSERT INTO PurchaseDetails(VendorID,OfficerID,PurchaseDate,OtherInfo) VALUES(2,3,"2022-04-10","");
INSERT INTO PurchaseDetails(VendorID,OfficerID,PurchaseDate,OtherInfo) VALUES(3,3,"2022-04-11","");
INSERT INTO PurchaseDetails(VendorID,OfficerID,PurchaseDate,OtherInfo) VALUES(4,3,"2022-04-11","");
INSERT INTO PurchaseDetails(VendorID,OfficerID,PurchaseDate,OtherInfo) VALUES(5,3,"2022-04-10","");

-- 32
INSERT INTO PurchaseBankAccount(AccountNo,AccountName,AvailableAmount,AccountType,Branch) VALUES(1,"XYZ",17000,"Withdrawal","Mlolongo");
INSERT INTO PurchaseBankAccount(AccountNo,AccountName,AvailableAmount,AccountType,Branch) VALUES(2,"ABZ",18000,"Withdrawal","Kibra");
INSERT INTO PurchaseBankAccount(AccountNo,AccountName,AvailableAmount,AccountType,Branch) VALUES(3,"JKL",19000,"Withdrawal","Michigan");
INSERT INTO PurchaseBankAccount(AccountNo,AccountName,AvailableAmount,AccountType,Branch) VALUES(4,"EFG",16000,"Withdrawal","Nairobi");
INSERT INTO PurchaseBankAccount(AccountNo,AccountName,AvailableAmount,AccountType,Branch) VALUES(5,"MNO",15000,"Withdrawal","Mlolongo");

-- 33
INSERT INTO ProductCategory(CategoryID,CategoryName,Description,DateCreated)VALUES(1,"Kitchen staff","For cooking staff","2021-06-07");
INSERT INTO ProductCategory(CategoryID,CategoryName,Description,DateCreated)VALUES(2,"OTHER staff","For cooking staff","2021-07-08");
INSERT INTO ProductCategory(CategoryID,CategoryName,Description,DateCreated)VALUES(3,"Important staff","For cooking staff","2021-08-17");
INSERT INTO ProductCategory(CategoryID,CategoryName,Description,DateCreated)VALUES(4,"Ward staff","For cooking staff","2021-09-27");
INSERT INTO ProductCategory(CategoryID,CategoryName,Description,DateCreated)VALUES(5,"Office staff","For cooking staff","2021-10-12");

-- 34
INSERT INTO Product(ProductID,ProductName,Amount,Price,CategoryID)VALUES(1,"Forks",100,150,1);
INSERT INTO Product(ProductID,ProductName,Amount,Price,CategoryID)VALUES(2,"Plates",200,350,3);
INSERT INTO Product(ProductID,ProductName,Amount,Price,CategoryID)VALUES(3,"Spoons",300,450,4);
INSERT INTO Product(ProductID,ProductName,Amount,Price,CategoryID)VALUES(4,"Cups",400,550,4);
INSERT INTO Product(ProductID,ProductName,Amount,Price,CategoryID)VALUES(5,"MASK",500,650,5);
INSERT INTO Product(ProductID,ProductName,Amount,Price,CategoryID)VALUES(6,"syringe",100,150,1);
INSERT INTO Product(ProductID,ProductName,Amount,Price,CategoryID)VALUES(7,"gloves",200,350,3);
INSERT INTO Product(ProductID,ProductName,Amount,Price,CategoryID)VALUES(8,"pens",300,450,4);
INSERT INTO Product(ProductID,ProductName,Amount,Price,CategoryID)VALUES(9,"Coats",400,550,4);
INSERT INTO Product(ProductID,ProductName,Amount,Price,CategoryID)VALUES(10,"sanitizer",500,650,5);
INSERT INTO Product(ProductID,ProductName,Amount,Price,CategoryID)VALUES(11,"BANDAGE",100,150,1);
INSERT INTO Product(ProductID,ProductName,Amount,Price,CategoryID)VALUES(12,"spirit",200,350,3);
INSERT INTO Product(ProductID,ProductName,Amount,Price,CategoryID)VALUES(13,"tablet",300,450,4);
INSERT INTO Product(ProductID,ProductName,Amount,Price,CategoryID)VALUES(14,"table",400,550,4);
INSERT INTO Product(ProductID,ProductName,Amount,Price,CategoryID)VALUES(15,"laptops",500,650,5);
INSERT INTO Product(ProductID,ProductName,Amount,Price,CategoryID)VALUES(16,"book",100,150,1);
INSERT INTO Product(ProductID,ProductName,Amount,Price,CategoryID)VALUES(17,"apron",200,350,3);
INSERT INTO Product(ProductID,ProductName,Amount,Price,CategoryID)VALUES(18,"dustcoats",300,450,4);
INSERT INTO Product(ProductID,ProductName,Amount,Price,CategoryID)VALUES(19,"dustbin",400,550,4);
INSERT INTO Product(ProductID,ProductName,Amount,Price,CategoryID)VALUES(20,"wastebin",500,650,5);
INSERT INTO Product(ProductID,ProductName,Amount,Price,CategoryID)VALUES(21,"curtain",100,150,1);
INSERT INTO Product(ProductID,ProductName,Amount,Price,CategoryID)VALUES(22,"tanks",200,350,3);
INSERT INTO Product(ProductID,ProductName,Amount,Price,CategoryID)VALUES(23,"wrapper",300,450,4);
INSERT INTO Product(ProductID,ProductName,Amount,Price,CategoryID)VALUES(24,"mopper",400,550,4);
INSERT INTO Product(ProductID,ProductName,Amount,Price,CategoryID)VALUES(25,"buckets",500,650,5);
INSERT INTO Product(ProductID,ProductName,Amount,Price,CategoryID)VALUES(26,"basins",100,150,1);
INSERT INTO Product(ProductID,ProductName,Amount,Price,CategoryID)VALUES(27,"gloves",200,350,3);
INSERT INTO Product(ProductID,ProductName,Amount,Price,CategoryID)VALUES(28,"pens",300,450,4);
INSERT INTO Product(ProductID,ProductName,Amount,Price,CategoryID)VALUES(29,"Coats",400,550,4);
INSERT INTO Product(ProductID,ProductName,Amount,Price,CategoryID)VALUES(30,"soap",500,650,5);
INSERT INTO Product(ProductID,ProductName,Amount,Price,CategoryID)VALUES(31,"Forks",100,150,1);
INSERT INTO Product(ProductID,ProductName,Amount,Price,CategoryID)VALUES(32,"Plates",200,350,3);
INSERT INTO Product(ProductID,ProductName,Amount,Price,CategoryID)VALUES(33,"Spoons",300,450,4);
INSERT INTO Product(ProductID,ProductName,Amount,Price,CategoryID)VALUES(34,"Cups",400,550,4);
INSERT INTO Product(ProductID,ProductName,Amount,Price,CategoryID)VALUES(35,"Forks",500,650,5);
INSERT INTO Product(ProductID,ProductName,Amount,Price,CategoryID)VALUES(36,"sufuria",100,150,1);
INSERT INTO Product(ProductID,ProductName,Amount,Price,CategoryID)VALUES(37,"gloves",200,350,3);
INSERT INTO Product(ProductID,ProductName,Amount,Price,CategoryID)VALUES(38,"pan",300,450,4);
INSERT INTO Product(ProductID,ProductName,Amount,Price,CategoryID)VALUES(39,"flour",400,550,4);
INSERT INTO Product(ProductID,ProductName,Amount,Price,CategoryID)VALUES(40,"sanitizer",500,650,5);
INSERT INTO Product(ProductID,ProductName,Amount,Price,CategoryID)VALUES(41,"Forks",100,150,1);
INSERT INTO Product(ProductID,ProductName,Amount,Price,CategoryID)VALUES(42,"cookingoil",200,350,3);
INSERT INTO Product(ProductID,ProductName,Amount,Price,CategoryID)VALUES(43,"Spoons",300,450,4);
INSERT INTO Product(ProductID,ProductName,Amount,Price,CategoryID)VALUES(44,"Cups",400,550,4);
INSERT INTO Product(ProductID,ProductName,Amount,Price,CategoryID)VALUES(45,"Forks",500,650,5);
INSERT INTO Product(ProductID,ProductName,Amount,Price,CategoryID)VALUES(46,"syringe",100,150,1);
INSERT INTO Product(ProductID,ProductName,Amount,Price,CategoryID)VALUES(47,"gloves",200,350,3);
INSERT INTO Product(ProductID,ProductName,Amount,Price,CategoryID)VALUES(48,"salt",300,450,4);
INSERT INTO Product(ProductID,ProductName,Amount,Price,CategoryID)VALUES(49,"rice",400,550,4);
INSERT INTO Product(ProductID,ProductName,Amount,Price,CategoryID)VALUES(50,"millet",500,650,5);
INSERT INTO Product(ProductID,ProductName,Amount,Price,CategoryID)VALUES(51,"sorghum",100,150,1);
INSERT INTO Product(ProductID,ProductName,Amount,Price,CategoryID)VALUES(52,"tealeaves",200,350,3);
INSERT INTO Product(ProductID,ProductName,Amount,Price,CategoryID)VALUES(53,"sugar",300,450,4);
INSERT INTO Product(ProductID,ProductName,Amount,Price,CategoryID)VALUES(54,"Cups",400,550,4);
INSERT INTO Product(ProductID,ProductName,Amount,Price,CategoryID)VALUES(55,"onion",500,650,5);
INSERT INTO Product(ProductID,ProductName,Amount,Price,CategoryID)VALUES(56,"tomato",100,150,1);
INSERT INTO Product(ProductID,ProductName,Amount,Price,CategoryID)VALUES(57,"potato",200,350,3);
INSERT INTO Product(ProductID,ProductName,Amount,Price,CategoryID)VALUES(58,"garlic",300,450,4);
INSERT INTO Product(ProductID,ProductName,Amount,Price,CategoryID)VALUES(59,"bakingpowder",400,550,4);
INSERT INTO Product(ProductID,ProductName,Amount,Price,CategoryID)VALUES(60,"beans",500,650,5);
INSERT INTO Product(ProductID,ProductName,Amount,Price,CategoryID)VALUES(61,"groundnuts",100,150,1);
INSERT INTO Product(ProductID,ProductName,Amount,Price,CategoryID)VALUES(62,"greengrams",200,350,3);
INSERT INTO Product(ProductID,ProductName,Amount,Price,CategoryID)VALUES(63,"petroleumjelly",300,450,4);
INSERT INTO Product(ProductID,ProductName,Amount,Price,CategoryID)VALUES(64,"tissue",400,550,4);
INSERT INTO Product(ProductID,ProductName,Amount,Price,CategoryID)VALUES(65,"Forks",500,650,5);
INSERT INTO Product(ProductID,ProductName,Amount,Price,CategoryID)VALUES(66,"syringe",100,150,1);
INSERT INTO Product(ProductID,ProductName,Amount,Price,CategoryID)VALUES(67,"toiletsoap",200,350,3);
INSERT INTO Product(ProductID,ProductName,Amount,Price,CategoryID)VALUES(68,"toiletries",300,450,4);
INSERT INTO Product(ProductID,ProductName,Amount,Price,CategoryID)VALUES(69,"Coats",400,550,4);
INSERT INTO Product(ProductID,ProductName,Amount,Price,CategoryID)VALUES(70,"waterbacket",500,650,5);
INSERT INTO Product(ProductID,ProductName,Amount,Price,CategoryID)VALUES(71,"thermos",100,150,1);
INSERT INTO Product(ProductID,ProductName,Amount,Price,CategoryID)VALUES(72,"jugs",200,350,3);
INSERT INTO Product(ProductID,ProductName,Amount,Price,CategoryID)VALUES(73,"Spoons",300,450,4);
INSERT INTO Product(ProductID,ProductName,Amount,Price,CategoryID)VALUES(74,"bedsheets",400,550,4);
INSERT INTO Product(ProductID,ProductName,Amount,Price,CategoryID)VALUES(75,"slippers",500,650,5);
INSERT INTO Product(ProductID,ProductName,Amount,Price,CategoryID)VALUES(76,"sy",100,150,1);
INSERT INTO Product(ProductID,ProductName,Amount,Price,CategoryID)VALUES(77,"gloves",200,350,3);
INSERT INTO Product(ProductID,ProductName,Amount,Price,CategoryID)VALUES(78,"phones",300,450,4);
INSERT INTO Product(ProductID,ProductName,Amount,Price,CategoryID)VALUES(79,"stepplers",400,550,4);
INSERT INTO Product(ProductID,ProductName,Amount,Price,CategoryID)VALUES(80,"paperpunch",500,650,5);
INSERT INTO Product(ProductID,ProductName,Amount,Price,CategoryID)VALUES(81,"officepins",100,150,1);
INSERT INTO Product(ProductID,ProductName,Amount,Price,CategoryID)VALUES(82,"jericans",200,350,3);
INSERT INTO Product(ProductID,ProductName,Amount,Price,CategoryID)VALUES(83,"serving dishes",300,450,4);
INSERT INTO Product(ProductID,ProductName,Amount,Price,CategoryID)VALUES(84,"Cs",400,550,4);
INSERT INTO Product(ProductID,ProductName,Amount,Price,CategoryID)VALUES(85,"servieetes",500,650,5);
INSERT INTO Product(ProductID,ProductName,Amount,Price,CategoryID)VALUES(86,"headcuffs",100,150,1);
INSERT INTO Product(ProductID,ProductName,Amount,Price,CategoryID)VALUES(87,"pillows",200,350,3);
INSERT INTO Product(ProductID,ProductName,Amount,Price,CategoryID)VALUES(88,"tv stand",300,450,4);
INSERT INTO Product(ProductID,ProductName,Amount,Price,CategoryID)VALUES(89,"padlock",400,550,4);
INSERT INTO Product(ProductID,ProductName,Amount,Price,CategoryID)VALUES(90,"laundrymachine",500,650,5);
INSERT INTO Product(ProductID,ProductName,Amount,Price,CategoryID)VALUES(91,"Fridge",100,150,1);
INSERT INTO Product(ProductID,ProductName,Amount,Price,CategoryID)VALUES(92,"xraymachine",200,350,3);
INSERT INTO Product(ProductID,ProductName,Amount,Price,CategoryID)VALUES(93,"microwave",300,450,4);
INSERT INTO Product(ProductID,ProductName,Amount,Price,CategoryID)VALUES(94,"scissor",400,550,4);
INSERT INTO Product(ProductID,ProductName,Amount,Price,CategoryID)VALUES(95,"labcoat",500,650,5);
INSERT INTO Product(ProductID,ProductName,Amount,Price,CategoryID)VALUES(96,"files",100,150,1);
INSERT INTO Product(ProductID,ProductName,Amount,Price,CategoryID)VALUES(97,"gloves",200,350,3);
INSERT INTO Product(ProductID,ProductName,Amount,Price,CategoryID)VALUES(98,"pens",300,450,4);
INSERT INTO Product(ProductID,ProductName,Amount,Price,CategoryID)VALUES(99,"Coats",400,550,4);
INSERT INTO Product(ProductID,ProductName,Amount,Price,CategoryID)VALUES(100,"sanitizer",500,650,5);

-- 35
INSERT INTO PurchaseOrder(ProductID,OfficerID,OrderDate,AdditionalInfo) VALUES(1,6,"2022-01-07","");
INSERT INTO PurchaseOrder(ProductID,OfficerID,OrderDate,AdditionalInfo) VALUES(2,5,"2022-02-17","");
INSERT INTO PurchaseOrder(ProductID,OfficerID,OrderDate,AdditionalInfo) VALUES(3,4,"2022-03-12","");
INSERT INTO PurchaseOrder(ProductID,OfficerID,OrderDate,AdditionalInfo) VALUES(4,3,"2022-04-09","");
INSERT INTO PurchaseOrder(ProductID,OfficerID,OrderDate,AdditionalInfo) VALUES(5,2,"2022-05-23","");
INSERT INTO PurchaseOrder(ProductID,OfficerID,OrderDate,AdditionalInfo) VALUES(6,1,"2022-06-15","");

-- 36
INSERT INTO Vehicle(VehicleNo,VehicleType,NumberPlate,Capacity,DriverID) VALUES(1,"Ambulance","KAV-09-56",5,1);
INSERT INTO Vehicle(VehicleNo,VehicleType,NumberPlate,Capacity,DriverID) VALUES(2,"Ambulance","KAB-07-86",7,2);
INSERT INTO Vehicle(VehicleNo,VehicleType,NumberPlate,Capacity,DriverID) VALUES(3,"Ambulance","KAC-04-06",6,3);
INSERT INTO Vehicle(VehicleNo,VehicleType,NumberPlate,Capacity,DriverID) VALUES(4,"Ambulance","KAD-09-33",5,4);
INSERT INTO Vehicle(VehicleNo,VehicleType,NumberPlate,Capacity,DriverID) VALUES(5,"Ambulance","KAT-09-67",5,5);
INSERT INTO Vehicle(VehicleNo,VehicleType,NumberPlate,Capacity,DriverID) VALUES(6,"Ambulance","KAY-09-56",5,1);
INSERT INTO Vehicle(VehicleNo,VehicleType,NumberPlate,Capacity,DriverID) VALUES(7,"Staff bus","KAY-07-86",40,2);
INSERT INTO Vehicle(VehicleNo,VehicleType,NumberPlate,Capacity,DriverID) VALUES(8,"Ambulance","KAY-04-06",6,3);
INSERT INTO Vehicle(VehicleNo,VehicleType,NumberPlate,Capacity,DriverID) VALUES(9,"Ambulance","KAY-09-33",5,4);
INSERT INTO Vehicle(VehicleNo,VehicleType,NumberPlate,Capacity,DriverID) VALUES(10,"Staff bus","KAY-09-67",50,5);
INSERT INTO Vehicle(VehicleNo,VehicleType,NumberPlate,Capacity,DriverID) VALUES(11,"Ambulance","KAV-09-56",5,1);
INSERT INTO Vehicle(VehicleNo,VehicleType,NumberPlate,Capacity,DriverID) VALUES(12,"Staff bus","ZC-07-86",70,2);
INSERT INTO Vehicle(VehicleNo,VehicleType,NumberPlate,Capacity,DriverID) VALUES(13,"Ambulance","ZC-04-06",6,3);
INSERT INTO Vehicle(VehicleNo,VehicleType,NumberPlate,Capacity,DriverID) VALUES(14,"Ambulance","ZC-09-33",5,4);
INSERT INTO Vehicle(VehicleNo,VehicleType,NumberPlate,Capacity,DriverID) VALUES(15,"Ambulance","ZC-09-67",5,5);
INSERT INTO Vehicle(VehicleNo,VehicleType,NumberPlate,Capacity,DriverID) VALUES(16,"Ambulance","ZC-09-56",5,1);
INSERT INTO Vehicle(VehicleNo,VehicleType,NumberPlate,Capacity,DriverID) VALUES(17,"Ambulance","Z-07-86",7,2);
INSERT INTO Vehicle(VehicleNo,VehicleType,NumberPlate,Capacity,DriverID) VALUES(18,"Staff bus","PC-04-06",65,3);
INSERT INTO Vehicle(VehicleNo,VehicleType,NumberPlate,Capacity,DriverID) VALUES(19,"Ambulance","AD-09-33",5,4);
INSERT INTO Vehicle(VehicleNo,VehicleType,NumberPlate,Capacity,DriverID) VALUES(20,"Ambulance","KT-09-67",5,5);
INSERT INTO Vehicle(VehicleNo,VehicleType,NumberPlate,Capacity,DriverID) VALUES(21,"Ambulance","AV-09-56",5,1);
INSERT INTO Vehicle(VehicleNo,VehicleType,NumberPlate,Capacity,DriverID) VALUES(22,"Staff bus","AB-07-86",70,2);
INSERT INTO Vehicle(VehicleNo,VehicleType,NumberPlate,Capacity,DriverID) VALUES(23,"Ambulance","AC-04-06",6,3);
INSERT INTO Vehicle(VehicleNo,VehicleType,NumberPlate,Capacity,DriverID) VALUES(24,"Ambulance","AD-09-33",5,4);
INSERT INTO Vehicle(VehicleNo,VehicleType,NumberPlate,Capacity,DriverID) VALUES(25,"Ambulance","AT-09-67",5,5);
INSERT INTO Vehicle(VehicleNo,VehicleType,NumberPlate,Capacity,DriverID) VALUES(26,"Ambulance","AV-09-56",5,1);
INSERT INTO Vehicle(VehicleNo,VehicleType,NumberPlate,Capacity,DriverID) VALUES(27,"Ambulance","AB-07-86",7,2);
INSERT INTO Vehicle(VehicleNo,VehicleType,NumberPlate,Capacity,DriverID) VALUES(28,"Ambulance","AC-04-06",6,3);
INSERT INTO Vehicle(VehicleNo,VehicleType,NumberPlate,Capacity,DriverID) VALUES(29,"Ambulance","AD-09-33",5,4);
INSERT INTO Vehicle(VehicleNo,VehicleType,NumberPlate,Capacity,DriverID) VALUES(30,"Ambulance","AT-09-67",5,5);
INSERT INTO Vehicle(VehicleNo,VehicleType,NumberPlate,Capacity,DriverID) VALUES(31,"Ambulance","AV-09-56",5,1);
INSERT INTO Vehicle(VehicleNo,VehicleType,NumberPlate,Capacity,DriverID) VALUES(32,"Staff bus","AB-07-86",7,2);
INSERT INTO Vehicle(VehicleNo,VehicleType,NumberPlate,Capacity,DriverID) VALUES(33,"Ambulance","AC-04-06",6,3);
INSERT INTO Vehicle(VehicleNo,VehicleType,NumberPlate,Capacity,DriverID) VALUES(34,"Ambulance","ADP-09-33",5,4);
INSERT INTO Vehicle(VehicleNo,VehicleType,NumberPlate,Capacity,DriverID) VALUES(35,"Ambulance","APT-09-67",5,5);
INSERT INTO Vehicle(VehicleNo,VehicleType,NumberPlate,Capacity,DriverID) VALUES(36,"Staff bus","APV-09-56",50,1);
INSERT INTO Vehicle(VehicleNo,VehicleType,NumberPlate,Capacity,DriverID) VALUES(37,"Ambulance","AB-07-86",7,2);
INSERT INTO Vehicle(VehicleNo,VehicleType,NumberPlate,Capacity,DriverID) VALUES(38,"Ambulance","PAC-04-06",6,3);
INSERT INTO Vehicle(VehicleNo,VehicleType,NumberPlate,Capacity,DriverID) VALUES(39,"Ambulance","AD-09-33",5,4);
INSERT INTO Vehicle(VehicleNo,VehicleType,NumberPlate,Capacity,DriverID) VALUES(40,"Staff bus","AT-09-67",50,5);
INSERT INTO Vehicle(VehicleNo,VehicleType,NumberPlate,Capacity,DriverID) VALUES(41,"Ambulance","AV-09-56",5,1);
INSERT INTO Vehicle(VehicleNo,VehicleType,NumberPlate,Capacity,DriverID) VALUES(42,"Staff van","AB-07-86",7,6);
INSERT INTO Vehicle(VehicleNo,VehicleType,NumberPlate,Capacity,DriverID) VALUES(43,"Ambulance","APC-04-06",6,3);
INSERT INTO Vehicle(VehicleNo,VehicleType,NumberPlate,Capacity,DriverID) VALUES(44,"Ambulance","AD-09-33",5,4);
INSERT INTO Vehicle(VehicleNo,VehicleType,NumberPlate,Capacity,DriverID) VALUES(45,"Ambulance","AT-09-67",5,5);
INSERT INTO Vehicle(VehicleNo,VehicleType,NumberPlate,Capacity,DriverID) VALUES(46,"Ambulance","AV-09-56",5,1);
INSERT INTO Vehicle(VehicleNo,VehicleType,NumberPlate,Capacity,DriverID) VALUES(47,"Staff bus","AB-07-86",70,2);
INSERT INTO Vehicle(VehicleNo,VehicleType,NumberPlate,Capacity,DriverID) VALUES(48,"Staff van","AC-07-06",6,3);
INSERT INTO Vehicle(VehicleNo,VehicleType,NumberPlate,Capacity,DriverID) VALUES(49,"Ambulance","MAD-09-33",5,4);
INSERT INTO Vehicle(VehicleNo,VehicleType,NumberPlate,Capacity,DriverID) VALUES(50,"Ambulance","MAT-09-67",5,5);
INSERT INTO Vehicle(VehicleNo,VehicleType,NumberPlate,Capacity,DriverID) VALUES(51,"Ambulance","MAV-09-56",5,1);
INSERT INTO Vehicle(VehicleNo,VehicleType,NumberPlate,Capacity,DriverID) VALUES(52,"Ambulance","MAB-07-86",7,2);
INSERT INTO Vehicle(VehicleNo,VehicleType,NumberPlate,Capacity,DriverID) VALUES(53,"Ambulance","NAC-04-06",6,3);
INSERT INTO Vehicle(VehicleNo,VehicleType,NumberPlate,Capacity,DriverID) VALUES(54,"Ambulance","MAD-09-33",5,4);
INSERT INTO Vehicle(VehicleNo,VehicleType,NumberPlate,Capacity,DriverID) VALUES(55,"Ambulance","MAT-09-67",5,5);
INSERT INTO Vehicle(VehicleNo,VehicleType,NumberPlate,Capacity,DriverID) VALUES(56,"Staff bus","MAV-09-56",65,1);
INSERT INTO Vehicle(VehicleNo,VehicleType,NumberPlate,Capacity,DriverID) VALUES(57,"Ambulance","MAB-07-86",7,2);
INSERT INTO Vehicle(VehicleNo,VehicleType,NumberPlate,Capacity,DriverID) VALUES(58,"Ambulance","MAC-04-06",6,3);
INSERT INTO Vehicle(VehicleNo,VehicleType,NumberPlate,Capacity,DriverID) VALUES(59,"Ambulance","MAD-09-33",5,4);
INSERT INTO Vehicle(VehicleNo,VehicleType,NumberPlate,Capacity,DriverID) VALUES(60,"Ambulance","MAT-09-67",5,5);
INSERT INTO Vehicle(VehicleNo,VehicleType,NumberPlate,Capacity,DriverID) VALUES(61,"Ambulance","MAV-09-56",5,1);
INSERT INTO Vehicle(VehicleNo,VehicleType,NumberPlate,Capacity,DriverID) VALUES(62,"Staff bus","KAB-07-86",87,6);
INSERT INTO Vehicle(VehicleNo,VehicleType,NumberPlate,Capacity,DriverID) VALUES(63,"Ambulance","KC-04-06",6,3);
INSERT INTO Vehicle(VehicleNo,VehicleType,NumberPlate,Capacity,DriverID) VALUES(64,"Ambulance","KD-09-33",5,4);
INSERT INTO Vehicle(VehicleNo,VehicleType,NumberPlate,Capacity,DriverID) VALUES(65,"Ambulance","KT-09-67",5,5);
INSERT INTO Vehicle(VehicleNo,VehicleType,NumberPlate,Capacity,DriverID) VALUES(66,"Staff bus","VAV-09-56",65,1);
INSERT INTO Vehicle(VehicleNo,VehicleType,NumberPlate,Capacity,DriverID) VALUES(67,"Ambulance","VAB-07-86",7,2);
INSERT INTO Vehicle(VehicleNo,VehicleType,NumberPlate,Capacity,DriverID) VALUES(68,"Ambulance","VAC-04-06",6,3);
INSERT INTO Vehicle(VehicleNo,VehicleType,NumberPlate,Capacity,DriverID) VALUES(69,"Ambulance","VAD-09-33",5,4);
INSERT INTO Vehicle(VehicleNo,VehicleType,NumberPlate,Capacity,DriverID) VALUES(70,"Staff bus","VAT-09-67",65,5);
INSERT INTO Vehicle(VehicleNo,VehicleType,NumberPlate,Capacity,DriverID) VALUES(71,"Ambulance","VAV-09-56",5,1);
INSERT INTO Vehicle(VehicleNo,VehicleType,NumberPlate,Capacity,DriverID) VALUES(72,"Staff bus","VAB-07-86",87,6);
INSERT INTO Vehicle(VehicleNo,VehicleType,NumberPlate,Capacity,DriverID) VALUES(73,"Ambulance","VC-04-06",6,3);
INSERT INTO Vehicle(VehicleNo,VehicleType,NumberPlate,Capacity,DriverID) VALUES(74,"Ambulance","VD-09-33",5,4);
INSERT INTO Vehicle(VehicleNo,VehicleType,NumberPlate,Capacity,DriverID) VALUES(75,"Ambulance","VT-09-67",5,5);
INSERT INTO Vehicle(VehicleNo,VehicleType,NumberPlate,Capacity,DriverID) VALUES(76,"Staff bus","VV-09-56",65,1);
INSERT INTO Vehicle(VehicleNo,VehicleType,NumberPlate,Capacity,DriverID) VALUES(77,"Ambulance","VB-07-86",7,2);
INSERT INTO Vehicle(VehicleNo,VehicleType,NumberPlate,Capacity,DriverID) VALUES(78,"Ambulance","VAC-04-06",6,3);
INSERT INTO Vehicle(VehicleNo,VehicleType,NumberPlate,Capacity,DriverID) VALUES(79,"Ambulance","VD-09-33",5,4);
INSERT INTO Vehicle(VehicleNo,VehicleType,NumberPlate,Capacity,DriverID) VALUES(80,"Staff bus","VT-09-67",65,5);
INSERT INTO Vehicle(VehicleNo,VehicleType,NumberPlate,Capacity,DriverID) VALUES(81,"Ambulance","VV-09-56",5,1);
INSERT INTO Vehicle(VehicleNo,VehicleType,NumberPlate,Capacity,DriverID) VALUES(82,"Staff bus","VB-07-86",87,6);
INSERT INTO Vehicle(VehicleNo,VehicleType,NumberPlate,Capacity,DriverID) VALUES(83,"Ambulance","VOC-04-06",6,3);
INSERT INTO Vehicle(VehicleNo,VehicleType,NumberPlate,Capacity,DriverID) VALUES(84,"Ambulance","VDO-09-33",5,4);
INSERT INTO Vehicle(VehicleNo,VehicleType,NumberPlate,Capacity,DriverID) VALUES(85,"Ambulance","VTO-09-67",5,5);
INSERT INTO Vehicle(VehicleNo,VehicleType,NumberPlate,Capacity,DriverID) VALUES(86,"Staff bus","VA-09-56",65,1);
INSERT INTO Vehicle(VehicleNo,VehicleType,NumberPlate,Capacity,DriverID) VALUES(87,"Ambulance","VB-07-86",7,2);
INSERT INTO Vehicle(VehicleNo,VehicleType,NumberPlate,Capacity,DriverID) VALUES(88,"Ambulance","AC-04-06",6,3);
INSERT INTO Vehicle(VehicleNo,VehicleType,NumberPlate,Capacity,DriverID) VALUES(89,"Ambulance","VD-09-33",5,4);
INSERT INTO Vehicle(VehicleNo,VehicleType,NumberPlate,Capacity,DriverID) VALUES(90,"Staff bus","VT-09-67",65,5);
INSERT INTO Vehicle(VehicleNo,VehicleType,NumberPlate,Capacity,DriverID) VALUES(91,"Ambulance","VV-09-56",5,1);
INSERT INTO Vehicle(VehicleNo,VehicleType,NumberPlate,Capacity,DriverID) VALUES(92,"Staff bus","VB-07-86",87,6);
INSERT INTO Vehicle(VehicleNo,VehicleType,NumberPlate,Capacity,DriverID) VALUES(93,"Ambulance","VRC-04-06",6,3);
INSERT INTO Vehicle(VehicleNo,VehicleType,NumberPlate,Capacity,DriverID) VALUES(94,"Ambulance","VDR-09-33",5,4);
INSERT INTO Vehicle(VehicleNo,VehicleType,NumberPlate,Capacity,DriverID) VALUES(95,"Ambulance","VT-09-67",5,5);
INSERT INTO Vehicle(VehicleNo,VehicleType,NumberPlate,Capacity,DriverID) VALUES(96,"Staff bus","VARV-09-56",65,1);
INSERT INTO Vehicle(VehicleNo,VehicleType,NumberPlate,Capacity,DriverID) VALUES(97,"Ambulance","VBx-07-86",7,2);
INSERT INTO Vehicle(VehicleNo,VehicleType,NumberPlate,Capacity,DriverID) VALUES(98,"Ambulance","ACx-04-06",6,3);
INSERT INTO Vehicle(VehicleNo,VehicleType,NumberPlate,Capacity,DriverID) VALUES(99,"Ambulance","VxD-09-33",5,4);
INSERT INTO Vehicle(VehicleNo,VehicleType,NumberPlate,Capacity,DriverID) VALUES(100,"Staff bus","VxT-09-67",65,5);


-- 37
INSERT INTO ParkingLot(ParkingID,Available,Size,VehicleNo) VALUES(1,"Yes","100*100",1);
INSERT INTO ParkingLot(ParkingID,Available,Size,VehicleNo) VALUES(2,"No","200*100",2);
INSERT INTO ParkingLot(ParkingID,Available,Size,VehicleNo) VALUES(3,"Yes","100*50",3);
INSERT INTO ParkingLot(ParkingID,Available,Size,VehicleNo) VALUES(4,"No","200*200",4);
INSERT INTO ParkingLot(ParkingID,Available,Size,VehicleNo) VALUES(5,"Yes","300*300",5);
INSERT INTO ParkingLot(ParkingID,Available,Size,VehicleNo) VALUES(6,"Yes","100*100",6);
INSERT INTO ParkingLot(ParkingID,Available,Size,VehicleNo) VALUES(7,"No","200*100",7);
INSERT INTO ParkingLot(ParkingID,Available,Size,VehicleNo) VALUES(8,"Yes","100*50",8);
INSERT INTO ParkingLot(ParkingID,Available,Size,VehicleNo) VALUES(9,"No","200*200",9);
INSERT INTO ParkingLot(ParkingID,Available,Size,VehicleNo) VALUES(10,"Yes","300*300",10);
INSERT INTO ParkingLot(ParkingID,Available,Size,VehicleNo) VALUES(11,"Yes","100*100",11);
INSERT INTO ParkingLot(ParkingID,Available,Size,VehicleNo) VALUES(12,"No","200*100",12);
INSERT INTO ParkingLot(ParkingID,Available,Size,VehicleNo) VALUES(13,"Yes","100*50",13);
INSERT INTO ParkingLot(ParkingID,Available,Size,VehicleNo) VALUES(14,"No","200*200",14);
INSERT INTO ParkingLot(ParkingID,Available,Size,VehicleNo) VALUES(15,"Yes","300*300",15);
INSERT INTO ParkingLot(ParkingID,Available,Size,VehicleNo) VALUES(16,"Yes","100*100",16);
INSERT INTO ParkingLot(ParkingID,Available,Size,VehicleNo) VALUES(17,"No","200*100",17);
INSERT INTO ParkingLot(ParkingID,Available,Size,VehicleNo) VALUES(18,"Yes","100*50",18);
INSERT INTO ParkingLot(ParkingID,Available,Size,VehicleNo) VALUES(19,"No","200*200",19);
INSERT INTO ParkingLot(ParkingID,Available,Size,VehicleNo) VALUES(20,"Yes","300*300",20);
INSERT INTO ParkingLot(ParkingID,Available,Size,VehicleNo) VALUES(21,"Yes","100*100",21);
INSERT INTO ParkingLot(ParkingID,Available,Size,VehicleNo) VALUES(22,"No","200*100",22);
INSERT INTO ParkingLot(ParkingID,Available,Size,VehicleNo) VALUES(23,"Yes","100*50",23);
INSERT INTO ParkingLot(ParkingID,Available,Size,VehicleNo) VALUES(24,"No","200*200",24);
INSERT INTO ParkingLot(ParkingID,Available,Size,VehicleNo) VALUES(25,"Yes","300*300",25);
INSERT INTO ParkingLot(ParkingID,Available,Size,VehicleNo) VALUES(26,"Yes","100*100",26);
INSERT INTO ParkingLot(ParkingID,Available,Size,VehicleNo) VALUES(27,"No","200*100",27);
INSERT INTO ParkingLot(ParkingID,Available,Size,VehicleNo) VALUES(28,"Yes","100*50",28);
INSERT INTO ParkingLot(ParkingID,Available,Size,VehicleNo) VALUES(29,"No","200*200",29);
INSERT INTO ParkingLot(ParkingID,Available,Size,VehicleNo) VALUES(30,"Yes","300*300",30);
INSERT INTO ParkingLot(ParkingID,Available,Size,VehicleNo) VALUES(31,"Yes","100*100",31);
INSERT INTO ParkingLot(ParkingID,Available,Size,VehicleNo) VALUES(32,"No","200*100",32);
INSERT INTO ParkingLot(ParkingID,Available,Size,VehicleNo) VALUES(33,"Yes","100*50",33);
INSERT INTO ParkingLot(ParkingID,Available,Size,VehicleNo) VALUES(34,"No","200*200",34);
INSERT INTO ParkingLot(ParkingID,Available,Size,VehicleNo) VALUES(35,"Yes","300*300",35);
INSERT INTO ParkingLot(ParkingID,Available,Size,VehicleNo) VALUES(36,"Yes","100*100",36);
INSERT INTO ParkingLot(ParkingID,Available,Size,VehicleNo) VALUES(37,"No","200*100",37);
INSERT INTO ParkingLot(ParkingID,Available,Size,VehicleNo) VALUES(38,"Yes","100*50",38);
INSERT INTO ParkingLot(ParkingID,Available,Size,VehicleNo) VALUES(39,"No","200*200",39);
INSERT INTO ParkingLot(ParkingID,Available,Size,VehicleNo) VALUES(40,"Yes","300*300",40);
INSERT INTO ParkingLot(ParkingID,Available,Size,VehicleNo) VALUES(41,"Yes","100*100",41);
INSERT INTO ParkingLot(ParkingID,Available,Size,VehicleNo) VALUES(42,"No","200*100",42);
INSERT INTO ParkingLot(ParkingID,Available,Size,VehicleNo) VALUES(43,"Yes","100*50",43);
INSERT INTO ParkingLot(ParkingID,Available,Size,VehicleNo) VALUES(44,"No","200*200",44);
INSERT INTO ParkingLot(ParkingID,Available,Size,VehicleNo) VALUES(45,"Yes","300*300",45);
INSERT INTO ParkingLot(ParkingID,Available,Size,VehicleNo) VALUES(46,"Yes","100*100",46);
INSERT INTO ParkingLot(ParkingID,Available,Size,VehicleNo) VALUES(47,"No","200*100",47);
INSERT INTO ParkingLot(ParkingID,Available,Size,VehicleNo) VALUES(48,"Yes","100*50",48);
INSERT INTO ParkingLot(ParkingID,Available,Size,VehicleNo) VALUES(49,"No","200*200",49);
INSERT INTO ParkingLot(ParkingID,Available,Size,VehicleNo) VALUES(50,"Yes","300*300",50);
INSERT INTO ParkingLot(ParkingID,Available,Size,VehicleNo) VALUES(51,"Yes","100*100",51);
INSERT INTO ParkingLot(ParkingID,Available,Size,VehicleNo) VALUES(52,"No","200*100",52);
INSERT INTO ParkingLot(ParkingID,Available,Size,VehicleNo) VALUES(53,"Yes","100*50",53);
INSERT INTO ParkingLot(ParkingID,Available,Size,VehicleNo) VALUES(54,"No","200*200",54);
INSERT INTO ParkingLot(ParkingID,Available,Size,VehicleNo) VALUES(55,"Yes","300*300",55);
INSERT INTO ParkingLot(ParkingID,Available,Size,VehicleNo) VALUES(56,"Yes","100*100",56);
INSERT INTO ParkingLot(ParkingID,Available,Size,VehicleNo) VALUES(57,"No","200*100",57);
INSERT INTO ParkingLot(ParkingID,Available,Size,VehicleNo) VALUES(58,"Yes","100*50",58);
INSERT INTO ParkingLot(ParkingID,Available,Size,VehicleNo) VALUES(59,"No","200*200",59);
INSERT INTO ParkingLot(ParkingID,Available,Size,VehicleNo) VALUES(60,"Yes","300*300",60);
INSERT INTO ParkingLot(ParkingID,Available,Size,VehicleNo) VALUES(61,"Yes","100*100",61);
INSERT INTO ParkingLot(ParkingID,Available,Size,VehicleNo) VALUES(62,"No","200*100",62);
INSERT INTO ParkingLot(ParkingID,Available,Size,VehicleNo) VALUES(63,"Yes","100*50",63);
INSERT INTO ParkingLot(ParkingID,Available,Size,VehicleNo) VALUES(64,"No","200*200",64);
INSERT INTO ParkingLot(ParkingID,Available,Size,VehicleNo) VALUES(65,"Yes","300*300",65);
INSERT INTO ParkingLot(ParkingID,Available,Size,VehicleNo) VALUES(66,"Yes","100*100",66);
INSERT INTO ParkingLot(ParkingID,Available,Size,VehicleNo) VALUES(67,"No","200*100",67);
INSERT INTO ParkingLot(ParkingID,Available,Size,VehicleNo) VALUES(68,"Yes","100*50",68);
INSERT INTO ParkingLot(ParkingID,Available,Size,VehicleNo) VALUES(69,"No","200*200",69);
INSERT INTO ParkingLot(ParkingID,Available,Size,VehicleNo) VALUES(70,"Yes","300*300",70);
INSERT INTO ParkingLot(ParkingID,Available,Size,VehicleNo) VALUES(71,"Yes","100*100",71);
INSERT INTO ParkingLot(ParkingID,Available,Size,VehicleNo) VALUES(72,"No","200*100",72);
INSERT INTO ParkingLot(ParkingID,Available,Size,VehicleNo) VALUES(73,"Yes","100*50",73);
INSERT INTO ParkingLot(ParkingID,Available,Size,VehicleNo) VALUES(74,"No","200*200",74);
INSERT INTO ParkingLot(ParkingID,Available,Size,VehicleNo) VALUES(75,"Yes","300*300",75);
INSERT INTO ParkingLot(ParkingID,Available,Size,VehicleNo) VALUES(76,"Yes","100*100",76);
INSERT INTO ParkingLot(ParkingID,Available,Size,VehicleNo) VALUES(77,"No","200*100",77);
INSERT INTO ParkingLot(ParkingID,Available,Size,VehicleNo) VALUES(78,"Yes","100*50",78);
INSERT INTO ParkingLot(ParkingID,Available,Size,VehicleNo) VALUES(79,"No","200*200",79);
INSERT INTO ParkingLot(ParkingID,Available,Size,VehicleNo) VALUES(80,"Yes","300*300",80);
INSERT INTO ParkingLot(ParkingID,Available,Size,VehicleNo) VALUES(81,"Yes","100*100",81);
INSERT INTO ParkingLot(ParkingID,Available,Size,VehicleNo) VALUES(82,"No","200*100",82);
INSERT INTO ParkingLot(ParkingID,Available,Size,VehicleNo) VALUES(83,"Yes","100*50",83);
INSERT INTO ParkingLot(ParkingID,Available,Size,VehicleNo) VALUES(84,"No","200*200",84);
INSERT INTO ParkingLot(ParkingID,Available,Size,VehicleNo) VALUES(85,"Yes","300*300",85);
INSERT INTO ParkingLot(ParkingID,Available,Size,VehicleNo) VALUES(86,"Yes","100*100",86);
INSERT INTO ParkingLot(ParkingID,Available,Size,VehicleNo) VALUES(87,"No","200*100",87);
INSERT INTO ParkingLot(ParkingID,Available,Size,VehicleNo) VALUES(88,"Yes","100*50",88);
INSERT INTO ParkingLot(ParkingID,Available,Size,VehicleNo) VALUES(89,"No","200*200",89);
INSERT INTO ParkingLot(ParkingID,Available,Size,VehicleNo) VALUES(90,"Yes","300*300",90);
INSERT INTO ParkingLot(ParkingID,Available,Size,VehicleNo) VALUES(91,"Yes","100*100",91);
INSERT INTO ParkingLot(ParkingID,Available,Size,VehicleNo) VALUES(92,"No","200*100",92);
INSERT INTO ParkingLot(ParkingID,Available,Size,VehicleNo) VALUES(93,"Yes","100*50",93);
INSERT INTO ParkingLot(ParkingID,Available,Size,VehicleNo) VALUES(94,"No","200*200",94);
INSERT INTO ParkingLot(ParkingID,Available,Size,VehicleNo) VALUES(95,"Yes","300*300",95);
INSERT INTO ParkingLot(ParkingID,Available,Size,VehicleNo) VALUES(96,"Yes","100*100",96);
INSERT INTO ParkingLot(ParkingID,Available,Size,VehicleNo) VALUES(97,"No","200*100",97);
INSERT INTO ParkingLot(ParkingID,Available,Size,VehicleNo) VALUES(98,"Yes","100*50",98);
INSERT INTO ParkingLot(ParkingID,Available,Size,VehicleNo) VALUES(99,"No","200*200",99);
INSERT INTO ParkingLot(ParkingID,Available,Size,VehicleNo) VALUES(100,"Yes","300*300",100);

-- 38
INSERT INTO TransportOperators(OperatorID,PickupDate,Location,VehicleNo) VALUES (1,"2022-04-12","Town Z",1);
INSERT INTO TransportOperators(OperatorID,PickupDate,Location,VehicleNo) VALUES (2,"2022-04-13","Town A",2);
INSERT INTO TransportOperators(OperatorID,PickupDate,Location,VehicleNo) VALUES (3,"2022-04-14","Town C",5);
INSERT INTO TransportOperators(OperatorID,PickupDate,Location,VehicleNo) VALUES (4,"2022-04-15","Town E",3);
INSERT INTO TransportOperators(OperatorID,PickupDate,Location,VehicleNo) VALUES (5,"2022-04-16","Town B",4);
INSERT INTO TransportOperators(OperatorID,PickupDate,Location,VehicleNo) VALUES (6,"2022-04-12","Town Z",1);
INSERT INTO TransportOperators(OperatorID,PickupDate,Location,VehicleNo) VALUES (7,"2022-04-13","Town A",2);
INSERT INTO TransportOperators(OperatorID,PickupDate,Location,VehicleNo) VALUES (8,"2022-04-14","Town C",5);
INSERT INTO TransportOperators(OperatorID,PickupDate,Location,VehicleNo) VALUES (9,"2022-04-15","Town E",3);
INSERT INTO TransportOperators(OperatorID,PickupDate,Location,VehicleNo) VALUES (10,"2022-04-16","Town B",4);
INSERT INTO TransportOperators(OperatorID,PickupDate,Location,VehicleNo) VALUES (11,"2022-04-12","Town Z",1);
INSERT INTO TransportOperators(OperatorID,PickupDate,Location,VehicleNo) VALUES (12,"2022-04-13","Town A",2);
INSERT INTO TransportOperators(OperatorID,PickupDate,Location,VehicleNo) VALUES (13,"2022-04-14","Town C",5);
INSERT INTO TransportOperators(OperatorID,PickupDate,Location,VehicleNo) VALUES (14,"2022-04-15","Town E",3);
INSERT INTO TransportOperators(OperatorID,PickupDate,Location,VehicleNo) VALUES (15,"2022-04-16","Town B",4);
INSERT INTO TransportOperators(OperatorID,PickupDate,Location,VehicleNo) VALUES (16,"2022-04-12","Town Z",1);
INSERT INTO TransportOperators(OperatorID,PickupDate,Location,VehicleNo) VALUES (17,"2022-04-13","Town A",2);
INSERT INTO TransportOperators(OperatorID,PickupDate,Location,VehicleNo) VALUES (18,"2022-04-14","Town C",5);
INSERT INTO TransportOperators(OperatorID,PickupDate,Location,VehicleNo) VALUES (19,"2022-04-15","Town E",3);
INSERT INTO TransportOperators(OperatorID,PickupDate,Location,VehicleNo) VALUES (20,"2022-04-16","Town B",4);
INSERT INTO TransportOperators(OperatorID,PickupDate,Location,VehicleNo) VALUES (21,"2022-04-12","Town Z",1);
INSERT INTO TransportOperators(OperatorID,PickupDate,Location,VehicleNo) VALUES (22,"2022-04-13","Town A",2);
INSERT INTO TransportOperators(OperatorID,PickupDate,Location,VehicleNo) VALUES (23,"2022-04-14","Town C",5);
INSERT INTO TransportOperators(OperatorID,PickupDate,Location,VehicleNo) VALUES (24,"2022-04-15","Town E",3);
INSERT INTO TransportOperators(OperatorID,PickupDate,Location,VehicleNo) VALUES (25,"2022-04-16","Town B",4);
INSERT INTO TransportOperators(OperatorID,PickupDate,Location,VehicleNo) VALUES (26,"2022-04-12","Town Z",1);
INSERT INTO TransportOperators(OperatorID,PickupDate,Location,VehicleNo) VALUES (27,"2022-04-13","Town A",2);
INSERT INTO TransportOperators(OperatorID,PickupDate,Location,VehicleNo) VALUES (28,"2022-04-14","Town C",5);
INSERT INTO TransportOperators(OperatorID,PickupDate,Location,VehicleNo) VALUES (29,"2022-04-15","Town E",3);
INSERT INTO TransportOperators(OperatorID,PickupDate,Location,VehicleNo) VALUES (30,"2022-04-16","Town B",4);
INSERT INTO TransportOperators(OperatorID,PickupDate,Location,VehicleNo) VALUES (31,"2022-04-12","Town Z",1);
INSERT INTO TransportOperators(OperatorID,PickupDate,Location,VehicleNo) VALUES (32,"2022-04-13","Town A",2);
INSERT INTO TransportOperators(OperatorID,PickupDate,Location,VehicleNo) VALUES (33,"2022-04-14","Town C",5);
INSERT INTO TransportOperators(OperatorID,PickupDate,Location,VehicleNo) VALUES (34,"2022-04-15","Town E",3);
INSERT INTO TransportOperators(OperatorID,PickupDate,Location,VehicleNo) VALUES (35,"2022-04-16","Town B",4);
INSERT INTO TransportOperators(OperatorID,PickupDate,Location,VehicleNo) VALUES (36,"2022-04-12","Town Z",1);
INSERT INTO TransportOperators(OperatorID,PickupDate,Location,VehicleNo) VALUES (37,"2022-04-13","Town A",2);
INSERT INTO TransportOperators(OperatorID,PickupDate,Location,VehicleNo) VALUES (38,"2022-04-14","Town C",5);
INSERT INTO TransportOperators(OperatorID,PickupDate,Location,VehicleNo) VALUES (39,"2022-04-15","Town E",3);
INSERT INTO TransportOperators(OperatorID,PickupDate,Location,VehicleNo) VALUES (40,"2022-04-16","Town B",4);
INSERT INTO TransportOperators(OperatorID,PickupDate,Location,VehicleNo) VALUES (41,"2022-04-12","Town Z",1);
INSERT INTO TransportOperators(OperatorID,PickupDate,Location,VehicleNo) VALUES (42,"2022-04-13","Town A",2);
INSERT INTO TransportOperators(OperatorID,PickupDate,Location,VehicleNo) VALUES (43,"2022-04-14","Town C",5);
INSERT INTO TransportOperators(OperatorID,PickupDate,Location,VehicleNo) VALUES (44,"2022-04-15","Town E",3);
INSERT INTO TransportOperators(OperatorID,PickupDate,Location,VehicleNo) VALUES (45,"2022-04-16","Town B",4);
INSERT INTO TransportOperators(OperatorID,PickupDate,Location,VehicleNo) VALUES (46,"2022-04-12","Town Z",1);
INSERT INTO TransportOperators(OperatorID,PickupDate,Location,VehicleNo) VALUES (47,"2022-04-13","Town A",2);
INSERT INTO TransportOperators(OperatorID,PickupDate,Location,VehicleNo) VALUES (48,"2022-04-14","Town C",5);
INSERT INTO TransportOperators(OperatorID,PickupDate,Location,VehicleNo) VALUES (49,"2022-04-15","Town E",3);
INSERT INTO TransportOperators(OperatorID,PickupDate,Location,VehicleNo) VALUES (50,"2022-04-16","Town B",4);
INSERT INTO TransportOperators(OperatorID,PickupDate,Location,VehicleNo) VALUES (51,"2022-04-12","Town Z",1);
INSERT INTO TransportOperators(OperatorID,PickupDate,Location,VehicleNo) VALUES (52,"2022-04-13","Town A",2);
INSERT INTO TransportOperators(OperatorID,PickupDate,Location,VehicleNo) VALUES (53,"2022-04-14","Town C",5);
INSERT INTO TransportOperators(OperatorID,PickupDate,Location,VehicleNo) VALUES (54,"2022-04-15","Town E",3);
INSERT INTO TransportOperators(OperatorID,PickupDate,Location,VehicleNo) VALUES (55,"2022-04-16","Town B",4);
INSERT INTO TransportOperators(OperatorID,PickupDate,Location,VehicleNo) VALUES (56,"2022-04-12","Town Z",1);
INSERT INTO TransportOperators(OperatorID,PickupDate,Location,VehicleNo) VALUES (57,"2022-04-13","Town A",2);
INSERT INTO TransportOperators(OperatorID,PickupDate,Location,VehicleNo) VALUES (58,"2022-04-14","Town C",5);
INSERT INTO TransportOperators(OperatorID,PickupDate,Location,VehicleNo) VALUES (59,"2022-04-15","Town E",3);
INSERT INTO TransportOperators(OperatorID,PickupDate,Location,VehicleNo) VALUES (60,"2022-04-16","Town B",4);
INSERT INTO TransportOperators(OperatorID,PickupDate,Location,VehicleNo) VALUES (61,"2022-04-12","Town Z",1);
INSERT INTO TransportOperators(OperatorID,PickupDate,Location,VehicleNo) VALUES (62,"2022-04-13","Town A",2);
INSERT INTO TransportOperators(OperatorID,PickupDate,Location,VehicleNo) VALUES (63,"2022-04-14","Town C",5);
INSERT INTO TransportOperators(OperatorID,PickupDate,Location,VehicleNo) VALUES (64,"2022-04-15","Town E",3);
INSERT INTO TransportOperators(OperatorID,PickupDate,Location,VehicleNo) VALUES (65,"2022-04-16","Town B",4);
INSERT INTO TransportOperators(OperatorID,PickupDate,Location,VehicleNo) VALUES (66,"2022-04-12","Town Z",1);
INSERT INTO TransportOperators(OperatorID,PickupDate,Location,VehicleNo) VALUES (67,"2022-04-13","Town A",2);
INSERT INTO TransportOperators(OperatorID,PickupDate,Location,VehicleNo) VALUES (68,"2022-04-14","Town C",5);
INSERT INTO TransportOperators(OperatorID,PickupDate,Location,VehicleNo) VALUES (69,"2022-04-15","Town E",3);
INSERT INTO TransportOperators(OperatorID,PickupDate,Location,VehicleNo) VALUES (70,"2022-04-16","Town B",4);
INSERT INTO TransportOperators(OperatorID,PickupDate,Location,VehicleNo) VALUES (71,"2022-04-12","Town Z",1);
INSERT INTO TransportOperators(OperatorID,PickupDate,Location,VehicleNo) VALUES (72,"2022-04-13","Town A",2);
INSERT INTO TransportOperators(OperatorID,PickupDate,Location,VehicleNo) VALUES (73,"2022-04-14","Town C",5);
INSERT INTO TransportOperators(OperatorID,PickupDate,Location,VehicleNo) VALUES (74,"2022-04-15","Town E",3);
INSERT INTO TransportOperators(OperatorID,PickupDate,Location,VehicleNo) VALUES (75,"2022-04-16","Town B",4);
INSERT INTO TransportOperators(OperatorID,PickupDate,Location,VehicleNo) VALUES (76,"2022-04-12","Town Z",1);
INSERT INTO TransportOperators(OperatorID,PickupDate,Location,VehicleNo) VALUES (77,"2022-04-13","Town A",2);
INSERT INTO TransportOperators(OperatorID,PickupDate,Location,VehicleNo) VALUES (78,"2022-04-14","Town C",5);
INSERT INTO TransportOperators(OperatorID,PickupDate,Location,VehicleNo) VALUES (79,"2022-04-15","Town E",3);
INSERT INTO TransportOperators(OperatorID,PickupDate,Location,VehicleNo) VALUES (80,"2022-04-16","Town B",4);
INSERT INTO TransportOperators(OperatorID,PickupDate,Location,VehicleNo) VALUES (81,"2022-04-12","Town Z",1);
INSERT INTO TransportOperators(OperatorID,PickupDate,Location,VehicleNo) VALUES (82,"2022-04-13","Town A",2);
INSERT INTO TransportOperators(OperatorID,PickupDate,Location,VehicleNo) VALUES (83,"2022-04-14","Town C",5);
INSERT INTO TransportOperators(OperatorID,PickupDate,Location,VehicleNo) VALUES (84,"2022-04-15","Town E",3);
INSERT INTO TransportOperators(OperatorID,PickupDate,Location,VehicleNo) VALUES (85,"2022-04-16","Town B",4);
INSERT INTO TransportOperators(OperatorID,PickupDate,Location,VehicleNo) VALUES (86,"2022-04-12","Town Z",1);
INSERT INTO TransportOperators(OperatorID,PickupDate,Location,VehicleNo) VALUES (87,"2022-04-13","Town A",2);
INSERT INTO TransportOperators(OperatorID,PickupDate,Location,VehicleNo) VALUES (88,"2022-04-14","Town C",5);
INSERT INTO TransportOperators(OperatorID,PickupDate,Location,VehicleNo) VALUES (89,"2022-04-15","Town E",3);
INSERT INTO TransportOperators(OperatorID,PickupDate,Location,VehicleNo) VALUES (90,"2022-04-16","Town B",4);
INSERT INTO TransportOperators(OperatorID,PickupDate,Location,VehicleNo) VALUES (91,"2022-04-12","Town Z",1);
INSERT INTO TransportOperators(OperatorID,PickupDate,Location,VehicleNo) VALUES (92,"2022-04-13","Town A",2);
INSERT INTO TransportOperators(OperatorID,PickupDate,Location,VehicleNo) VALUES (93,"2022-04-14","Town C",5);
INSERT INTO TransportOperators(OperatorID,PickupDate,Location,VehicleNo) VALUES (94,"2022-04-15","Town E",3);
INSERT INTO TransportOperators(OperatorID,PickupDate,Location,VehicleNo) VALUES (95,"2022-04-16","Town B",4);
INSERT INTO TransportOperators(OperatorID,PickupDate,Location,VehicleNo) VALUES (96,"2022-04-12","Town Z",1);
INSERT INTO TransportOperators(OperatorID,PickupDate,Location,VehicleNo) VALUES (97,"2022-04-13","Town A",2);
INSERT INTO TransportOperators(OperatorID,PickupDate,Location,VehicleNo) VALUES (98,"2022-04-14","Town C",5);
INSERT INTO TransportOperators(OperatorID,PickupDate,Location,VehicleNo) VALUES (99,"2022-04-15","Town E",3);
INSERT INTO TransportOperators(OperatorID,PickupDate,Location,VehicleNo) VALUES (100,"2022-04-16","Town B",4);


-- 39
INSERT INTO SupplyDetails(ID,SupplyDate,Location,OtherInformation,OperatorID) VALUES(1,"2022-04-24","Town Z","",5);
INSERT INTO SupplyDetails(ID,SupplyDate,Location,OtherInformation,OperatorID) VALUES(2,"2022-04-25","Town C","",4);
INSERT INTO SupplyDetails(ID,SupplyDate,Location,OtherInformation,OperatorID) VALUES(3,"2022-04-26","Town H","",3);
INSERT INTO SupplyDetails(ID,SupplyDate,Location,OtherInformation,OperatorID) VALUES(4,"2022-04-27","Town R","",2);
INSERT INTO SupplyDetails(ID,SupplyDate,Location,OtherInformation,OperatorID) VALUES(5,"2022-04-28","Town S","",1);

-- 40
INSERT INTO SupplyInformation(VendorID,OperatorID,SupplyStatus,SupplyInfo)VALUES(1,5,"Yes","");
INSERT INTO SupplyInformation(VendorID,OperatorID,SupplyStatus,SupplyInfo)VALUES(2,4,"Yes","");
INSERT INTO SupplyInformation(VendorID,OperatorID,SupplyStatus,SupplyInfo)VALUES(3,3,"No","");
INSERT INTO SupplyInformation(VendorID,OperatorID,SupplyStatus,SupplyInfo)VALUES(4,2,"No","");
INSERT INTO SupplyInformation(VendorID,OperatorID,SupplyStatus,SupplyInfo)VALUES(5,1,"Yes","");


-- 41
INSERT INTO Patient(PatientID,First_name,Last_name,Title,Email,
DOB,Gender,Weight,Height,Patient_description,ContactID,AddressID,
DoctorID,NutritionistID,WardID,DiseaseID) VALUES(1,"Grace","Vuliva","Mr",
"12@gmail.com","2020-06-01","Male",60.0,80.0,"",1,1,1,1,1,1);
INSERT INTO Patient(PatientID,First_name,Last_name,Title,Email,
DOB,Gender,Weight,Height,Patient_description,ContactID,AddressID,
DoctorID,NutritionistID,WardID,DiseaseID) VALUES(2,"Mary","Anne","Mrs",
"13@gmail.com","2021-06-01","Female",70.0,80.0,"",1,3,1,2,1,1);
INSERT INTO Patient(PatientID,First_name,Last_name,Title,Email,
DOB,Gender,Weight,Height,Patient_description,ContactID,AddressID,
DoctorID,NutritionistID,WardID,DiseaseID) VALUES(3,"Wang","babu","Mr",
"14@gmail.com","2023-06-01","Male",60.0,80.0,"",2,1,1,3,1,5);
INSERT INTO Patient(PatientID,First_name,Last_name,Title,Email,
DOB,Gender,Weight,Height,Patient_description,ContactID,AddressID,
DoctorID,NutritionistID,WardID,DiseaseID) VALUES(4,"Grace","Vuliva","Mr",
"15@gmail.com","2020-06-01","Male",60.0,80.0,"",1,1,1,1,8,1);
INSERT INTO Patient(PatientID,First_name,Last_name,Title,Email,
DOB,Gender,Weight,Height,Patient_description,ContactID,AddressID,
DoctorID,NutritionistID,WardID,DiseaseID) VALUES(5,"Grace","Vuliva","Mr",
"12@gmail.com","2020-06-01","Male",60.0,80.0,"",1,1,1,1,1,1);

INSERT INTO Patient(PatientID,First_name,Last_name,Title,Email,
DOB,Gender,Weight,Height,Patient_description,ContactID,AddressID,
DoctorID,NutritionistID,WardID,DiseaseID) VALUES(6,"Willan","Paul","Mr",
"12@gmail.com","2020-06-01","Male",60.0,80.0,"",1,1,1,1,1,1);
INSERT INTO Patient(PatientID,First_name,Last_name,Title,Email,
DOB,Gender,Weight,Height,Patient_description,ContactID,AddressID,
DoctorID,NutritionistID,WardID,DiseaseID) VALUES(7,"Jack","Vuliva","Mr",
"12@gmail.com","2020-06-01","Male",60.0,80.0,"",1,4,1,1,8,1);
INSERT INTO Patient(PatientID,First_name,Last_name,Title,Email,
DOB,Gender,Weight,Height,Patient_description,ContactID,AddressID,
DoctorID,NutritionistID,WardID,DiseaseID) VALUES(8,"Mike","Vu","Mr",
"12@gmail.com","2020-06-01","Male",60.0,80.0,"",1,1,1,1,1,1);
INSERT INTO Patient(PatientID,First_name,Last_name,Title,Email,
DOB,Gender,Weight,Height,Patient_description,ContactID,AddressID,
DoctorID,NutritionistID,WardID,DiseaseID) VALUES(9,"Grace","Vuliva","Mr",
"12@gmail.com","2020-06-01","Male",60.0,80.0,"",2,1,1,1,3,1);INSERT INTO Patient(PatientID,First_name,Last_name,Title,Email,
DOB,Gender,Weight,Height,Patient_description,ContactID,AddressID,
DoctorID,NutritionistID,WardID,DiseaseID) VALUES(10,"Ian","Mbina","Mr",
"12@gmail.com","2020-06-01","Male",60.0,80.0,"",1,2,1,1,1,3);
INSERT INTO Patient(PatientID,First_name,Last_name,Title,Email,
DOB,Gender,Weight,Height,Patient_description,ContactID,AddressID,
DoctorID,NutritionistID,WardID,DiseaseID) VALUES(11,"Lilian","Muli","Mrs",
"16@gmail.com","2020-06-01","Female",60.0,80.0,"",3,1,1,1,1,9);
INSERT INTO Patient(PatientID,First_name,Last_name,Title,Email,
DOB,Gender,Weight,Height,Patient_description,ContactID,AddressID,
DoctorID,NutritionistID,WardID,DiseaseID) VALUES(12,"Vivian","Vuliva","Mr",
"12@gmail.com","2020-06-01","Female",60.0,80.0,"",1,1,1,1,3,1);
INSERT INTO Patient(PatientID,First_name,Last_name,Title,Email,
DOB,Gender,Weight,Height,Patient_description,ContactID,AddressID,
DoctorID,NutritionistID,WardID,DiseaseID) VALUES(13,"John","Paul","Mr",
"18@gmail.com","2020-06-01","Male",60.0,80.0,"",1,1,1,1,1,1);
INSERT INTO Patient(PatientID,First_name,Last_name,Title,Email,
DOB,Gender,Weight,Height,Patient_description,ContactID,AddressID,
DoctorID,NutritionistID,WardID,DiseaseID) VALUES(14,"Savior","Vuliva","Mr",
"12@gmail.com","2020-06-01","Female",60.0,80.0,"",1,1,1,1,1,1);
INSERT INTO Patient(PatientID,First_name,Last_name,Title,Email,
DOB,Gender,Weight,Height,Patient_description,ContactID,AddressID,
DoctorID,NutritionistID,WardID,DiseaseID) VALUES(15,"Levy","Wuan","Mr",
"132@gmail.com","2020-06-01","Female",60.0,80.0,"",1,1,1,1,1,1);
INSERT INTO Patient(PatientID,First_name,Last_name,Title,Email,
DOB,Gender,Weight,Height,Patient_description,ContactID,AddressID,
DoctorID,NutritionistID,WardID,DiseaseID) VALUES(16,"my","Vuliva","Mr",
"7@gmail.com","2020-06-01","Male",120.0,80.0,"",8,1,1,1,8,1);
INSERT INTO Patient(PatientID,First_name,Last_name,Title,Email,
DOB,Gender,Weight,Height,Patient_description,ContactID,AddressID,
DoctorID,NutritionistID,WardID,DiseaseID) VALUES(17,"Grace","Vuliva","Mr",
"092@gmail.com","2020-06-01","Male",60.0,50.0,"",1,1,2,1,1,4);
INSERT INTO Patient(PatientID,First_name,Last_name,Title,Email,
DOB,Gender,Weight,Height,Patient_description,ContactID,AddressID,
DoctorID,NutritionistID,WardID,DiseaseID) VALUES(18,"Grey","zuz","Mrs",
"12@yahoo.com","2020-06-01","Female",60.0,80.0,"",1,1,6,1,1,1);
INSERT INTO Patient(PatientID,First_name,Last_name,Title,Email,
DOB,Gender,Weight,Height,Patient_description,ContactID,AddressID,
DoctorID,NutritionistID,WardID,DiseaseID) VALUES(19,"purity","xh","Mr",
"12@gmail.com","2020-06-01","Male",60.0,80.0,"",1,1,3,1,1,8);
INSERT INTO Patient(PatientID,First_name,Last_name,Title,Email,
DOB,Gender,Weight,Height,Patient_description,ContactID,AddressID,
DoctorID,NutritionistID,WardID,DiseaseID) VALUES(20,"lil","shawn","Mrs",
"lil@gmail.com","2020-06-01","Male",60.0,80.0,"",1,4,1,1,4,8);
INSERT INTO Patient(PatientID,First_name,Last_name,Title,Email,
DOB,Gender,Weight,Height,Patient_description,ContactID,AddressID,
DoctorID,NutritionistID,WardID,DiseaseID) VALUES(21,"precious","wali","Mr",
"c@gmail.com","2020-06-01","Female",60.0,80.0,"",1,1,1,1,1,1);
INSERT INTO Patient(PatientID,First_name,Last_name,Title,Email,
DOB,Gender,Weight,Height,Patient_description,ContactID,AddressID,
DoctorID,NutritionistID,WardID,DiseaseID) VALUES(22,"Grae","iva","Mr",
"12@gmail.com","2020-06-01","Male",60.0,80.0,"",1,1,1,1,1,1);
INSERT INTO Patient(PatientID,First_name,Last_name,Title,Email,
DOB,Gender,Weight,Height,Patient_description,ContactID,AddressID,
DoctorID,NutritionistID,WardID,DiseaseID) VALUES(23,"Grace","Vuliva","Mr",
"12@gmail.com","2020-06-01","Male",60.0,80.0,"",1,6,1,1,1,2);
INSERT INTO Patient(PatientID,First_name,Last_name,Title,Email,
DOB,Gender,Weight,Height,Patient_description,ContactID,AddressID,
DoctorID,NutritionistID,WardID,DiseaseID) VALUES(24,"Grace","Vuliva","Mr",
"12@gmail.com","2020-06-01","Male",60.0,80.0,"",1,1,1,1,1,1);
INSERT INTO Patient(PatientID,First_name,Last_name,Title,Email,
DOB,Gender,Weight,Height,Patient_description,ContactID,AddressID,
DoctorID,NutritionistID,WardID,DiseaseID) VALUES(25,"mike","mary","Mr",
"12@gmail.com","2020-06-01","Male",60.0,80.0,"",1,1,1,1,1,1);
INSERT INTO Patient(PatientID,First_name,Last_name,Title,Email,
DOB,Gender,Weight,Height,Patient_description,ContactID,AddressID,
DoctorID,NutritionistID,WardID,DiseaseID) VALUES(26,"Grace","Vuliva","Mr",
"12@gmail.com","2020-06-01","Male",60.0,80.0,"",1,1,1,1,1,1);
INSERT INTO Patient(PatientID,First_name,Last_name,Title,Email,
DOB,Gender,Weight,Height,Patient_description,ContactID,AddressID,
DoctorID,NutritionistID,WardID,DiseaseID) VALUES(27,"wimbo","Vuliva","Mr",
"a@gmail.com","2020-06-01","Male",60.0,80.0,"",1,1,1,1,1,7);
INSERT INTO Patient(PatientID,First_name,Last_name,Title,Email,
DOB,Gender,Weight,Height,Patient_description,ContactID,AddressID,
DoctorID,NutritionistID,WardID,DiseaseID) VALUES(28,"weu","geo","Mrs",
"12@gmail.com","2020-07-01","Male",60.0,80.0,"",2,1,1,1,1,5);
INSERT INTO Patient(PatientID,First_name,Last_name,Title,Email,
DOB,Gender,Weight,Height,Patient_description,ContactID,AddressID,
DoctorID,NutritionistID,WardID,DiseaseID) VALUES(29,"Grace","Vuliva","Mr",
"12@gmail.com","2020-08-01","Male",60.0,80.0,"",1,1,1,1,1,1);
INSERT INTO Patient(PatientID,First_name,Last_name,Title,Email,
DOB,Gender,Weight,Height,Patient_description,ContactID,AddressID,
DoctorID,NutritionistID,WardID,DiseaseID) VALUES(30,"Grace","Vuliva","Mr",
"12@gmail.com","2020-06-01","Male",60.0,80.0,"",1,1,1,1,1,1);
INSERT INTO Patient(PatientID,First_name,Last_name,Title,Email,
DOB,Gender,Weight,Height,Patient_description,ContactID,AddressID,
DoctorID,NutritionistID,WardID,DiseaseID) VALUES(31,"Grace","Vuliva","Mr",
"31@gmail.com","2020-06-01","Female",60.0,80.0,"",1,1,2,1,1,1);
INSERT INTO Patient(PatientID,First_name,Last_name,Title,Email,
DOB,Gender,Weight,Height,Patient_description,ContactID,AddressID,
DoctorID,NutritionistID,WardID,DiseaseID) VALUES(32,"ace","bn","Mrs",
"22@gmail.com","2024-06-01","Male",60.0,80.0,"",1,1,1,1,1,1);
INSERT INTO Patient(PatientID,First_name,Last_name,Title,Email,
DOB,Gender,Weight,Height,Patient_description,ContactID,AddressID,
DoctorID,NutritionistID,WardID,DiseaseID) VALUES(33,"linda","bn","Mrs",
"mwende@gmail.com","2024-06-01","Male",60.0,80.0,"",1,1,1,1,1,1);
INSERT INTO Patient(PatientID,First_name,Last_name,Title,Email,
DOB,Gender,Weight,Height,Patient_description,ContactID,AddressID,
DoctorID,NutritionistID,WardID,DiseaseID) VALUES(34,"branice","bony","Mr",
"212@gmail.com","2025-06-01","Male",150.0,80.0,"",3,1,1,3,1,2);
INSERT INTO Patient(PatientID,First_name,Last_name,Title,Email,
DOB,Gender,Weight,Height,Patient_description,ContactID,AddressID,
DoctorID,NutritionistID,WardID,DiseaseID) VALUES(35,"lilian","bn","Mrs",
"me@gmail.com","2024-06-01","Male",60.0,80.0,"",1,2,1,1,7,1);
INSERT INTO Patient(PatientID,First_name,Last_name,Title,Email,
DOB,Gender,Weight,Height,Patient_description,ContactID,AddressID,
DoctorID,NutritionistID,WardID,DiseaseID) VALUES(36,"vivian","wandera","Mrs",
"v2@gmail.com","2024-06-01","Male",60.0,80.0,"",1,1,1,1,1,1);
INSERT INTO Patient(PatientID,First_name,Last_name,Title,Email,
DOB,Gender,Weight,Height,Patient_description,ContactID,AddressID,
DoctorID,NutritionistID,WardID,DiseaseID) VALUES(37,"jane","nile","Mrs",
"223@gmail.com","2024-06-01","Male",60.0,80.0,"",2,2,2,1,1,2);
INSERT INTO Patient(PatientID,First_name,Last_name,Title,Email,
DOB,Gender,Weight,Height,Patient_description,ContactID,AddressID,
DoctorID,NutritionistID,WardID,DiseaseID) VALUES(38,"vice","bn","Mrs",
"22@gmail.com","2024-06-01","Male",60.0,80.0,"",2,1,1,1,3,1);
INSERT INTO Patient(PatientID,First_name,Last_name,Title,Email,
DOB,Gender,Weight,Height,Patient_description,ContactID,AddressID,
DoctorID,NutritionistID,WardID,DiseaseID) VALUES(39,"vin","diesel","Mrs",
"v@gmail.com","2024-06-01","Male",60.0,80.0,"",1,1,1,1,1,1);
INSERT INTO Patient(PatientID,First_name,Last_name,Title,Email,
DOB,Gender,Weight,Height,Patient_description,ContactID,AddressID,
DoctorID,NutritionistID,WardID,DiseaseID) VALUES(40,"a","bn","Mr",
"nb@gmail.com","2025-06-01","Male",60.0,80.0,"",1,1,1,1,1,1);
INSERT INTO Patient(PatientID,First_name,Last_name,Title,Email,
DOB,Gender,Weight,Height,Patient_description,ContactID,AddressID,
DoctorID,NutritionistID,WardID,DiseaseID) VALUES(41,"anne","bion","Mrs",
"annb@gmail.com","2023-06-01","Male",60.0,80.0,"",1,2,1,3,1,1);
INSERT INTO Patient(PatientID,First_name,Last_name,Title,Email,
DOB,Gender,Weight,Height,Patient_description,ContactID,AddressID,
DoctorID,NutritionistID,WardID,DiseaseID) VALUES(42,"a","bn","Mr",
"nb@gmail.com","2025-06-01","Male",60.0,55.0,"",1,1,1,1,1,1);
INSERT INTO Patient(PatientID,First_name,Last_name,Title,Email,
DOB,Gender,Weight,Height,Patient_description,ContactID,AddressID,
DoctorID,NutritionistID,WardID,DiseaseID) VALUES(43,"vin","diesel","Mr",
"vin@gmail.com","2025-09-21","Male",60.0,80.0,"",2,1,1,1,1,1);
INSERT INTO Patient(PatientID,First_name,Last_name,Title,Email,
DOB,Gender,Weight,Height,Patient_description,ContactID,AddressID,
DoctorID,NutritionistID,WardID,DiseaseID) VALUES(44,"miles","malele","Mrs",
"miles@gmail.com","2025-06-01","Male",60.0,80.0,"",1,4,1,1,1,2);
INSERT INTO Patient(PatientID,First_name,Last_name,Title,Email,
DOB,Gender,Weight,Height,Patient_description,ContactID,AddressID,
DoctorID,NutritionistID,WardID,DiseaseID) VALUES(45,"alaa","nionn","Mr",
"nb@gmail.com","2025-06-01","Male",60.0,80.0,"",1,1,1,1,1,2);
INSERT INTO Patient(PatientID,First_name,Last_name,Title,Email,
DOB,Gender,Weight,Height,Patient_description,ContactID,AddressID,
DoctorID,NutritionistID,WardID,DiseaseID) VALUES(46,"ama","bn","Mr",
"nb@gmail.com","2025-06-01","Male",60.0,80.0,"",1,1,1,1,1,1);
INSERT INTO Patient(PatientID,First_name,Last_name,Title,Email,
DOB,Gender,Weight,Height,Patient_description,ContactID,AddressID,
DoctorID,NutritionistID,WardID,DiseaseID) VALUES(47,"vivi","bn","Mr",
"nb@gmail.com","2025-06-01","Male",60.0,80.0,"",1,1,1,1,1,1);
INSERT INTO Patient(PatientID,First_name,Last_name,Title,Email,
DOB,Gender,Weight,Height,Patient_description,ContactID,AddressID,
DoctorID,NutritionistID,WardID,DiseaseID) VALUES(48,"a","bn","Mr",
"nb@gmail.com","2025-06-01","Male",60.0,80.0,"",1,1,1,1,1,1);
INSERT INTO Patient(PatientID,First_name,Last_name,Title,Email,
DOB,Gender,Weight,Height,Patient_description,ContactID,AddressID,
DoctorID,NutritionistID,WardID,DiseaseID) VALUES(50,"annita","bn","Mr",
"nb@gmail.com","2025-06-01","Male",150.0,90.0,"",1,1,1,1,1,1);
INSERT INTO Patient(PatientID,First_name,Last_name,Title,Email,
DOB,Gender,Weight,Height,Patient_description,ContactID,AddressID,
DoctorID,NutritionistID,WardID,DiseaseID) VALUES(51,"villa","bn","Mr",
"nb@gmail.com","2025-06-01","Male",60.0,80.0,"",3,1,1,1,1,2);
INSERT INTO Patient(PatientID,First_name,Last_name,Title,Email,
DOB,Gender,Weight,Height,Patient_description,ContactID,AddressID,
DoctorID,NutritionistID,WardID,DiseaseID) VALUES(52,"ian","malele","Mr",
"nb@gmail.com","2025-06-01","Male",60.0,80.0,"",1,1,1,1,1,1);
INSERT INTO Patient(PatientID,First_name,Last_name,Title,Email,
DOB,Gender,Weight,Height,Patient_description,ContactID,AddressID,
DoctorID,NutritionistID,WardID,DiseaseID) VALUES(53,"a","bn","Mr",
"nb@gmail.com","2025-06-01","Male",60.0,80.0,"",1,1,1,1,1,1);
INSERT INTO Patient(PatientID,First_name,Last_name,Title,Email,
DOB,Gender,Weight,Height,Patient_description,ContactID,AddressID,
DoctorID,NutritionistID,WardID,DiseaseID) VALUES(54,"lice","mila","Mrs",
"lice@gmail.com","2025-06-01","Male",60.0,45.0,"",1,1,1,1,1,2);
INSERT INTO Patient(PatientID,First_name,Last_name,Title,Email,
DOB,Gender,Weight,Height,Patient_description,ContactID,AddressID,
DoctorID,NutritionistID,WardID,DiseaseID) VALUES(55,"a","bn","Mr",
"nb@gmail.com","2025-06-01","Male",60.0,80.0,"",1,1,1,1,1,1);
INSERT INTO Patient(PatientID,First_name,Last_name,Title,Email,
DOB,Gender,Weight,Height,Patient_description,ContactID,AddressID,
DoctorID,NutritionistID,WardID,DiseaseID) VALUES(56,"mary","liz","Mr",
"nb@gmail.com","2025-06-01","Male",60.0,80.0,"",1,1,1,1,1,1);
INSERT INTO Patient(PatientID,First_name,Last_name,Title,Email,
DOB,Gender,Weight,Height,Patient_description,ContactID,AddressID,
DoctorID,NutritionistID,WardID,DiseaseID) VALUES(57,"millie","bn","Mr",
"milli@gmail.com","2025-06-01","Male",60.0,80.0,"",1,1,1,1,1,1);
INSERT INTO Patient(PatientID,First_name,Last_name,Title,Email,
DOB,Gender,Weight,Height,Patient_description,ContactID,AddressID,
DoctorID,NutritionistID,WardID,DiseaseID) VALUES(58,"purity","bn","Mrs",
"n@gmail.com","2025-06-01","Male",60.0,80.0,"",1,3,1,1,1,2);
INSERT INTO Patient(PatientID,First_name,Last_name,Title,Email,
DOB,Gender,Weight,Height,Patient_description,ContactID,AddressID,
DoctorID,NutritionistID,WardID,DiseaseID) VALUES(59,"mike","vivian","Mr",
"vivi@gmail.com","2025-06-01","Male",60.0,80.0,"",1,1,1,1,1,1);
INSERT INTO Patient(PatientID,First_name,Last_name,Title,Email,
DOB,Gender,Weight,Height,Patient_description,ContactID,AddressID,
DoctorID,NutritionistID,WardID,DiseaseID) VALUES(60,"lil","wayne","Mr",
"lil@gmail.com","2025-06-01","Male",60.0,46.7,"",2,1,1,1,1,2);
INSERT INTO Patient(PatientID,First_name,Last_name,Title,Email,
DOB,Gender,Weight,Height,Patient_description,ContactID,AddressID,
DoctorID,NutritionistID,WardID,DiseaseID) VALUES(61,"fish","sere","Mr",
"fsh@gmail.com","2025-02-02","Male",60.0,80.0,"",3,1,1,1,1,1);
INSERT INTO Patient(PatientID,First_name,Last_name,Title,Email,
DOB,Gender,Weight,Height,Patient_description,ContactID,AddressID,
DoctorID,NutritionistID,WardID,DiseaseID) VALUES(62,"sew","bn","Mr",
"s@gmail.com","2025-06-01","Male",60.0,80.0,"",1,1,2,1,1,1);
INSERT INTO Patient(PatientID,First_name,Last_name,Title,Email,
DOB,Gender,Weight,Height,Patient_description,ContactID,AddressID,
DoctorID,NutritionistID,WardID,DiseaseID) VALUES(63,"vion","bnet","Mrs",
"vb@gmail.com","2025-06-01","Male",60.0,80.0,"",2,1,1,3,1,1);
INSERT INTO Patient(PatientID,First_name,Last_name,Title,Email,
DOB,Gender,Weight,Height,Patient_description,ContactID,AddressID,
DoctorID,NutritionistID,WardID,DiseaseID) VALUES(64,"mine","bin","Mrs",
"bin@gmail.com","2025-06-01","Male",60.0,80.0,"",1,1,1,1,1,1);
INSERT INTO Patient(PatientID,First_name,Last_name,Title,Email,
DOB,Gender,Weight,Height,Patient_description,ContactID,AddressID,
DoctorID,NutritionistID,WardID,DiseaseID) VALUES(65,"mercy","bn","Mr",
"mercy@gmail.com","2025-06-01","Male",60.0,80.0,"",1,2,1,1,2,1);
INSERT INTO Patient(PatientID,First_name,Last_name,Title,Email,
DOB,Gender,Weight,Height,Patient_description,ContactID,AddressID,
DoctorID,NutritionistID,WardID,DiseaseID) VALUES(66,"mercy","brian","Mrs",
"nb@gmail.com","2025-06-01","Female",135.0,70.0,"",1,2,1,1,3,1);
INSERT INTO Patient(PatientID,First_name,Last_name,Title,Email,
DOB,Gender,Weight,Height,Patient_description,ContactID,AddressID,
DoctorID,NutritionistID,WardID,DiseaseID) VALUES(67,"lin","mercy","Mrs",
"mercy@gmail.com","2025-06-01","Male",60.0,80.0,"",1,1,1,1,1,1);
INSERT INTO Patient(PatientID,First_name,Last_name,Title,Email,
DOB,Gender,Weight,Height,Patient_description,ContactID,AddressID,
DoctorID,NutritionistID,WardID,DiseaseID) VALUES(70,"mary","an","Mrs",
"mary@gmail.com","2025-06-01","Male",60.0,80.0,"",1,1,3,1,2,1);
INSERT INTO Patient(PatientID,First_name,Last_name,Title,Email,
DOB,Gender,Weight,Height,Patient_description,ContactID,AddressID,
DoctorID,NutritionistID,WardID,DiseaseID) VALUES(71,"ian","less","Mrs",
"ian@gmail.com","2025-06-01","Male",60.0,80.0,"",1,3,1,1,3,1);
INSERT INTO Patient(PatientID,First_name,Last_name,Title,Email,
DOB,Gender,Weight,Height,Patient_description,ContactID,AddressID,
DoctorID,NutritionistID,WardID,DiseaseID) VALUES(72,"chloe","mike","Mr",
"chloe@gmail.com","2025-06-01","Male",60.0,80.0,"",1,1,1,1,1,1);
INSERT INTO Patient(PatientID,First_name,Last_name,Title,Email,
DOB,Gender,Weight,Height,Patient_description,ContactID,AddressID,
DoctorID,NutritionistID,WardID,DiseaseID) VALUES(73,"oracle","bn","Mr",
"ora@gmail.com","2025-06-01","Male",60.0,80.0,"",1,1,1,1,1,2);
INSERT INTO Patient(PatientID,First_name,Last_name,Title,Email,
DOB,Gender,Weight,Height,Patient_description,ContactID,AddressID,
DoctorID,NutritionistID,WardID,DiseaseID) VALUES(74,"vivi","bn","Mr",
"nb@gmail.com","2025-06-01","Male",60.0,80.0,"",1,1,1,1,1,1);
INSERT INTO Patient(PatientID,First_name,Last_name,Title,Email,
DOB,Gender,Weight,Height,Patient_description,ContactID,AddressID,
DoctorID,NutritionistID,WardID,DiseaseID) VALUES(75,"Linda","mwende","Mrs",
"linda@gmail.com","2025-06-01","Female",60.0,80.0,"",1,3,1,1,1,2);
INSERT INTO Patient(PatientID,First_name,Last_name,Title,Email,
DOB,Gender,Weight,Height,Patient_description,ContactID,AddressID,
DoctorID,NutritionistID,WardID,DiseaseID) VALUES(76,"diana","liz","Mrs",
"dia@gmail.com","2025-06-01","Female",60.0,80.0,"",1,1,1,1,1,1);
INSERT INTO Patient(PatientID,First_name,Last_name,Title,Email,
DOB,Gender,Weight,Height,Patient_description,ContactID,AddressID,
DoctorID,NutritionistID,WardID,DiseaseID) VALUES(77,"mary","liz","Mrs",
"mary@gmail.com","2025-06-01","Male",60.0,80.0,"",1,1,2,1,1,1);
INSERT INTO Patient(PatientID,First_name,Last_name,Title,Email,
DOB,Gender,Weight,Height,Patient_description,ContactID,AddressID,
DoctorID,NutritionistID,WardID,DiseaseID) VALUES(78,"kim","","Mr",
"kim@gmail.com","2025-06-01","Male",60.0,80.0,"",1,1,1,2,1,1);
INSERT INTO Patient(PatientID,First_name,Last_name,Title,Email,
DOB,Gender,Weight,Height,Patient_description,ContactID,AddressID,
DoctorID,NutritionistID,WardID,DiseaseID) VALUES(79,"levy","bn","Mr",
"lv@gmail.com","2025-06-01","Male",60.0,80.0,"",1,1,1,1,1,1);
INSERT INTO Patient(PatientID,First_name,Last_name,Title,Email,
DOB,Gender,Weight,Height,Patient_description,ContactID,AddressID,
DoctorID,NutritionistID,WardID,DiseaseID) VALUES(80,"joyce","irene","Mrs",
"joyce@gmail.com","2025-06-01","Male",60.0,80.0,"",1,1,1,1,1,2);
INSERT INTO Patient(PatientID,First_name,Last_name,Title,Email,
DOB,Gender,Weight,Height,Patient_description,ContactID,AddressID,
DoctorID,NutritionistID,WardID,DiseaseID) VALUES(81,"millie","bn","Mr",
"nb@gmail.com","2025-06-01","Male",60.0,80.0,"",1,1,1,7,1,2);
INSERT INTO Patient(PatientID,First_name,Last_name,Title,Email,
DOB,Gender,Weight,Height,Patient_description,ContactID,AddressID,
DoctorID,NutritionistID,WardID,DiseaseID) VALUES(82,"ella","bn","Mr",
"nb@gmail.com","2025-06-01","Male",60.0,80.0,"",1,1,1,1,1,1);
INSERT INTO Patient(PatientID,First_name,Last_name,Title,Email,
DOB,Gender,Weight,Height,Patient_description,ContactID,AddressID,
DoctorID,NutritionistID,WardID,DiseaseID) VALUES(83,"villa","bn","Mr",
"vill@gmail.com","2025-06-01","Male",60.0,80.0,"",1,1,1,1,1,1);
INSERT INTO Patient(PatientID,First_name,Last_name,Title,Email,
DOB,Gender,Weight,Height,Patient_description,ContactID,AddressID,
DoctorID,NutritionistID,WardID,DiseaseID) VALUES(84,"","bn","Mr",
"nb@gmail.com","2025-06-01","Male",60.0,80.0,"",1,1,1,1,1,1);
INSERT INTO Patient(PatientID,First_name,Last_name,Title,Email,
DOB,Gender,Weight,Height,Patient_description,ContactID,AddressID,
DoctorID,NutritionistID,WardID,DiseaseID) VALUES(85,"May","anne","Mrs",
"may@gmail.com","2025-06-01","Female",60.0,80.0,"",1,1,1,1,1,1);
INSERT INTO Patient(PatientID,First_name,Last_name,Title,Email,
DOB,Gender,Weight,Height,Patient_description,ContactID,AddressID,
DoctorID,NutritionistID,WardID,DiseaseID) VALUES(86,"Millie","neon","Mr",
"nmilli@gmail.com","2025-06-01","Male",60.0,80.0,"",1,1,1,1,1,1);
INSERT INTO Patient(PatientID,First_name,Last_name,Title,Email,
DOB,Gender,Weight,Height,Patient_description,ContactID,AddressID,
DoctorID,NutritionistID,WardID,DiseaseID) VALUES(87,"olaa","min","Mr",
"oll@gmail.com","2025-06-01","Male",89.0,80.0,"",1,1,1,1,1,1);
INSERT INTO Patient(PatientID,First_name,Last_name,Title,Email,
DOB,Gender,Weight,Height,Patient_description,ContactID,AddressID,
DoctorID,NutritionistID,WardID,DiseaseID) VALUES(88,"wiiliw","paul","Mr",
"nb@gmail.com","2025-06-01","Male",60.0,80.0,"",2,1,1,1,1,1);
INSERT INTO Patient(PatientID,First_name,Last_name,Title,Email,
DOB,Gender,Weight,Height,Patient_description,ContactID,AddressID,
DoctorID,NutritionistID,WardID,DiseaseID) VALUES(89,"nana","mama","Mrs",
"nana@gmail.com","2025-06-01","Male",60.0,80.0,"",1,1,1,1,1,1);
INSERT INTO Patient(PatientID,First_name,Last_name,Title,Email,
DOB,Gender,Weight,Height,Patient_description,ContactID,AddressID,
DoctorID,NutritionistID,WardID,DiseaseID) VALUES(90,"purity","mwikali","Mrs",
"puri@gmail.com","2025-06-01","Male",60.0,80.0,"",3,1,1,1,1,1);
INSERT INTO Patient(PatientID,First_name,Last_name,Title,Email,
DOB,Gender,Weight,Height,Patient_description,ContactID,AddressID,
DoctorID,NutritionistID,WardID,DiseaseID) VALUES(91,"millie","bn","Mr",
"mm@gmail.com","2025-06-01","Male",60.0,80.0,"",1,1,1,1,1,1);
INSERT INTO Patient(PatientID,First_name,Last_name,Title,Email,
DOB,Gender,Weight,Height,Patient_description,ContactID,AddressID,
DoctorID,NutritionistID,WardID,DiseaseID) VALUES(92,"vivi","bn","Mr",
"9@gmail.com","2025-06-01","Male",60.0,80.0,"",1,1,1,1,1,1);
INSERT INTO Patient(PatientID,First_name,Last_name,Title,Email,
DOB,Gender,Weight,Height,Patient_description,ContactID,AddressID,
DoctorID,NutritionistID,WardID,DiseaseID) VALUES(93,"bien","bn","Mr",
"n8@gmail.com","2025-06-01","Male",60.0,80.0,"",1,1,1,1,1,1);
INSERT INTO Patient(PatientID,First_name,Last_name,Title,Email,
DOB,Gender,Weight,Height,Patient_description,ContactID,AddressID,
DoctorID,NutritionistID,WardID,DiseaseID) VALUES(94,"anna","bn","Mr",
"7@gmail.com","2025-06-01","Male",60.0,80.0,"",1,1,1,1,1,1);
INSERT INTO Patient(PatientID,First_name,Last_name,Title,Email,
DOB,Gender,Weight,Height,Patient_description,ContactID,AddressID,
DoctorID,NutritionistID,WardID,DiseaseID) VALUES(95,"vini","bn","Mr",
"6@gmail.com","2025-06-01","Male",60.0,80.0,"",1,1,1,1,1,1);
INSERT INTO Patient(PatientID,First_name,Last_name,Title,Email,
DOB,Gender,Weight,Height,Patient_description,ContactID,AddressID,
DoctorID,NutritionistID,WardID,DiseaseID) VALUES(96,"brifgit","bn","Mr",
"5@gmail.com","2025-06-01","Male",60.0,80.0,"",1,1,1,1,1,1);
INSERT INTO Patient(PatientID,First_name,Last_name,Title,Email,
DOB,Gender,Weight,Height,Patient_description,ContactID,AddressID,
DoctorID,NutritionistID,WardID,DiseaseID) VALUES(97,"a","bn","Mr",
"4@gmail.com","2025-06-01","Male",60.0,80.0,"",1,1,1,1,1,1);
INSERT INTO Patient(PatientID,First_name,Last_name,Title,Email,
DOB,Gender,Weight,Height,Patient_description,ContactID,AddressID,
DoctorID,NutritionistID,WardID,DiseaseID) VALUES(98,"jenelle","bn","Mr",
"n3@gmail.com","2025-06-01","Male",60.0,80.0,"",1,1,1,1,1,1);
INSERT INTO Patient(PatientID,First_name,Last_name,Title,Email,
DOB,Gender,Weight,Height,Patient_description,ContactID,AddressID,
DoctorID,NutritionistID,WardID,DiseaseID) VALUES(99,"velly","bn","Mr",
"2@gmail.com","2025-06-01","Male",60.0,80.0,"",1,1,1,1,1,1);
INSERT INTO Patient(PatientID,First_name,Last_name,Title,Email,
DOB,Gender,Weight,Height,Patient_description,ContactID,AddressID,
DoctorID,NutritionistID,WardID,DiseaseID) VALUES(100,"lita","bn","Mr",
"1@gmail.com","2025-06-01","Male",60.0,80.0,"",1,1,1,1,1,1);

-- 42
INSERT INTO HealthRecord(HealthRecordID,DateCreated,PatientID,
HealthRecordSpecialistID,Record,AdditionalInfo)VALUES(1,"2022-02-01",1,1,"Improvement","");
INSERT INTO HealthRecord(HealthRecordID,DateCreated,PatientID,
HealthRecordSpecialistID,Record,AdditionalInfo)VALUES(2,"2025-02-01",2,1,"noimprovement","");
INSERT INTO HealthRecord(HealthRecordID,DateCreated,PatientID,
HealthRecordSpecialistID,Record,AdditionalInfo)VALUES(3,"2022-02-01",1,1,"Improvement","");
INSERT INTO HealthRecord(HealthRecordID,DateCreated,PatientID,
HealthRecordSpecialistID,Record,AdditionalInfo)VALUES(4,"2022-02-01",1,1,"Improvement","");
INSERT INTO HealthRecord(HealthRecordID,DateCreated,PatientID,
HealthRecordSpecialistID,Record,AdditionalInfo)VALUES(5,"2022-02-01",1,1,"Improvement","");
INSERT INTO HealthRecord(HealthRecordID,DateCreated,PatientID,
HealthRecordSpecialistID,Record,AdditionalInfo)VALUES(6,"2022-02-01",1,1,"Improvement","");
INSERT INTO HealthRecord(HealthRecordID,DateCreated,PatientID,
HealthRecordSpecialistID,Record,AdditionalInfo)VALUES(7,"2022-02-01",1,1,"Improvement","");
INSERT INTO HealthRecord(HealthRecordID,DateCreated,PatientID,
HealthRecordSpecialistID,Record,AdditionalInfo)VALUES(8,"2022-02-01",1,1,"Improvement","");
INSERT INTO HealthRecord(HealthRecordID,DateCreated,PatientID,
HealthRecordSpecialistID,Record,AdditionalInfo)VALUES(9,"2022-02-01",1,1,"Improvement","");
INSERT INTO HealthRecord(HealthRecordID,DateCreated,PatientID,
HealthRecordSpecialistID,Record,AdditionalInfo)VALUES(10,"2022-02-01",1,1,"Improvement","");
INSERT INTO HealthRecord(HealthRecordID,DateCreated,PatientID,
HealthRecordSpecialistID,Record,AdditionalInfo)VALUES(11,"2022-02-01",1,1,"Improvement","");
INSERT INTO HealthRecord(HealthRecordID,DateCreated,PatientID,
HealthRecordSpecialistID,Record,AdditionalInfo)VALUES(12,"2022-02-01",1,1,"Improvement","");
INSERT INTO HealthRecord(HealthRecordID,DateCreated,PatientID,
HealthRecordSpecialistID,Record,AdditionalInfo)VALUES(13,"2022-02-01",1,1,"Improvement","");
INSERT INTO HealthRecord(HealthRecordID,DateCreated,PatientID,
HealthRecordSpecialistID,Record,AdditionalInfo)VALUES(14,"2022-02-01",1,1,"Improvement","");
INSERT INTO HealthRecord(HealthRecordID,DateCreated,PatientID,
HealthRecordSpecialistID,Record,AdditionalInfo)VALUES(15,"2022-02-01",1,1,"Improvement","");
INSERT INTO HealthRecord(HealthRecordID,DateCreated,PatientID,
HealthRecordSpecialistID,Record,AdditionalInfo)VALUES(16,"2022-02-01",1,1,"Improvement","");
INSERT INTO HealthRecord(HealthRecordID,DateCreated,PatientID,
HealthRecordSpecialistID,Record,AdditionalInfo)VALUES(17,"2022-02-01",1,1,"Improvement","");
INSERT INTO HealthRecord(HealthRecordID,DateCreated,PatientID,
HealthRecordSpecialistID,Record,AdditionalInfo)VALUES(18,"2022-02-01",1,1,"Improvement","");
INSERT INTO HealthRecord(HealthRecordID,DateCreated,PatientID,
HealthRecordSpecialistID,Record,AdditionalInfo)VALUES(19,"2022-02-01",1,1,"Improvement","");
INSERT INTO HealthRecord(HealthRecordID,DateCreated,PatientID,
HealthRecordSpecialistID,Record,AdditionalInfo)VALUES(20,"2022-02-01",1,1,"Improvement","");
INSERT INTO HealthRecord(HealthRecordID,DateCreated,PatientID,
HealthRecordSpecialistID,Record,AdditionalInfo)VALUES(21,"2022-02-01",1,1,"Improvement","");
INSERT INTO HealthRecord(HealthRecordID,DateCreated,PatientID,
HealthRecordSpecialistID,Record,AdditionalInfo)VALUES(22,"2022-02-01",1,1,"Improvement","");
INSERT INTO HealthRecord(HealthRecordID,DateCreated,PatientID,
HealthRecordSpecialistID,Record,AdditionalInfo)VALUES(23,"2022-02-01",1,1,"Improvement","");
INSERT INTO HealthRecord(HealthRecordID,DateCreated,PatientID,
HealthRecordSpecialistID,Record,AdditionalInfo)VALUES(24,"2022-02-01",1,1,"Improvement","");

-- 43
INSERT INTO ContactPerson(ContactPersonID,First_name,Last_name,Email,DOB,Gender,PatientID,ContactID,AddressID) VALUES(1,"Mike","Peter","mp@gmail.com","1990-03-01","Male",1,5,1);
INSERT INTO ContactPerson(ContactPersonID,First_name,Last_name,Email,DOB,Gender,PatientID,ContactID,AddressID) VALUES(2,"Mesh","Petero","mesh@gmail.com","1992-04-10","female",2,4,2);
INSERT INTO ContactPerson(ContactPersonID,First_name,Last_name,Email,DOB,Gender,PatientID,ContactID,AddressID) VALUES(3,"Mash","Peer","mash@gmail.com","1982-05-07","Male",3,3,3);
INSERT INTO ContactPerson(ContactPersonID,First_name,Last_name,Email,DOB,Gender,PatientID,ContactID,AddressID) VALUES(4,"Michi","Ptar","michi@gmail.com","1972-06-11","female",4,2,4);
INSERT INTO ContactPerson(ContactPersonID,First_name,Last_name,Email,DOB,Gender,PatientID,ContactID,AddressID) VALUES(5,"ark","Ppeer","arkp@gmail.com","1992-07-23","Male",5,1,5);
INSERT INTO ContactPerson(ContactPersonID,First_name,Last_name,Email,DOB,Gender,PatientID,ContactID,AddressID) VALUES(6,"Mitchell","radi","radi@gmail.com","1990-03-01","Male",1,5,1);
INSERT INTO ContactPerson(ContactPersonID,First_name,Last_name,Email,DOB,Gender,PatientID,ContactID,AddressID) VALUES(7,"Zed","Petero","zed@gmail.com","1992-04-10","female",2,4,2);
INSERT INTO ContactPerson(ContactPersonID,First_name,Last_name,Email,DOB,Gender,PatientID,ContactID,AddressID) VALUES(8,"Masr","Peer","mapre@gmail.com","1982-05-07","Male",3,3,3);
INSERT INTO ContactPerson(ContactPersonID,First_name,Last_name,Email,DOB,Gender,PatientID,ContactID,AddressID) VALUES(9,"M","Ptar","mptr@gmail.com","1972-06-11","female",4,2,4);
INSERT INTO ContactPerson(ContactPersonID,First_name,Last_name,Email,DOB,Gender,PatientID,ContactID,AddressID) VALUES(10,"Mark","Ppeer","mpma@gmail.com","1992-07-23","Male",5,1,5);

-- 44
INSERT INTO PatientAssignment(PatientID,WardID,AssignmentDetail,AssignmentDate,Status,DateDischarged) VALUES(1,5,"","2022-01-01","Assigned",NULL);
INSERT INTO PatientAssignment(PatientID,WardID,AssignmentDetail,AssignmentDate,Status,DateDischarged) VALUES(2,4,"","2022-02-11","UNAssigned",NULL);
INSERT INTO PatientAssignment(PatientID,WardID,AssignmentDetail,AssignmentDate,Status,DateDischarged) VALUES(3,3,"","2022-03-09","Assigned",NULL);
INSERT INTO PatientAssignment(PatientID,WardID,AssignmentDetail,AssignmentDate,Status,DateDischarged) VALUES(4,2,"","2022-04-03","UNAssigned",NULL);
INSERT INTO PatientAssignment(PatientID,WardID,AssignmentDetail,AssignmentDate,Status,DateDischarged) VALUES(5,1,"","2022-01-16","Assigned",NULL);
INSERT INTO PatientAssignment(PatientID,WardID,AssignmentDetail,AssignmentDate,Status,DateDischarged) VALUES(6,6,"","2022-01-01","Assigned",NULL);
INSERT INTO PatientAssignment(PatientID,WardID,AssignmentDetail,AssignmentDate,Status,DateDischarged) VALUES(7,7,"","2022-02-11","UNAssigned",NULL);
INSERT INTO PatientAssignment(PatientID,WardID,AssignmentDetail,AssignmentDate,Status,DateDischarged) VALUES(8,8,"","2022-03-09","Assigned",NULL);
INSERT INTO PatientAssignment(PatientID,WardID,AssignmentDetail,AssignmentDate,Status,DateDischarged) VALUES(9,9,"","2022-04-03","UNAssigned",NULL);
INSERT INTO PatientAssignment(PatientID,WardID,AssignmentDetail,AssignmentDate,Status,DateDischarged) VALUES(10,10,"","2022-01-16","Assigned",NULL);
INSERT INTO PatientAssignment(PatientID,WardID,AssignmentDetail,AssignmentDate,Status,DateDischarged) VALUES(11,5,"","2022-01-01","Assigned",NULL);
INSERT INTO PatientAssignment(PatientID,WardID,AssignmentDetail,AssignmentDate,Status,DateDischarged) VALUES(12,4,"","2022-02-11","UNAssigned",NULL);
INSERT INTO PatientAssignment(PatientID,WardID,AssignmentDetail,AssignmentDate,Status,DateDischarged) VALUES(13,3,"","2022-03-09","Assigned",NULL);
INSERT INTO PatientAssignment(PatientID,WardID,AssignmentDetail,AssignmentDate,Status,DateDischarged) VALUES(14,2,"","2022-04-03","UNAssigned",NULL);
INSERT INTO PatientAssignment(PatientID,WardID,AssignmentDetail,AssignmentDate,Status,DateDischarged) VALUES(15,1,"","2022-01-16","Assigned",NULL);
INSERT INTO PatientAssignment(PatientID,WardID,AssignmentDetail,AssignmentDate,Status,DateDischarged) VALUES(16,6,"","2022-01-01","Assigned",NULL);
INSERT INTO PatientAssignment(PatientID,WardID,AssignmentDetail,AssignmentDate,Status,DateDischarged) VALUES(17,7,"","2022-02-11","UNAssigned",NULL);
INSERT INTO PatientAssignment(PatientID,WardID,AssignmentDetail,AssignmentDate,Status,DateDischarged) VALUES(18,8,"","2022-03-09","Assigned",NULL);
INSERT INTO PatientAssignment(PatientID,WardID,AssignmentDetail,AssignmentDate,Status,DateDischarged) VALUES(19,9,"","2022-04-03","UNAssigned",NULL);
INSERT INTO PatientAssignment(PatientID,WardID,AssignmentDetail,AssignmentDate,Status,DateDischarged) VALUES(20,10,"","2022-01-16","Assigned",NULL);
INSERT INTO PatientAssignment(PatientID,WardID,AssignmentDetail,AssignmentDate,Status,DateDischarged) VALUES(21,5,"","2022-01-01","Assigned",NULL);
INSERT INTO PatientAssignment(PatientID,WardID,AssignmentDetail,AssignmentDate,Status,DateDischarged) VALUES(22,4,"","2022-02-11","UNAssigned",NULL);
INSERT INTO PatientAssignment(PatientID,WardID,AssignmentDetail,AssignmentDate,Status,DateDischarged) VALUES(23,3,"","2022-03-09","Assigned",NULL);
INSERT INTO PatientAssignment(PatientID,WardID,AssignmentDetail,AssignmentDate,Status,DateDischarged) VALUES(24,2,"","2022-04-03","UNAssigned",NULL);
INSERT INTO PatientAssignment(PatientID,WardID,AssignmentDetail,AssignmentDate,Status,DateDischarged) VALUES(25,1,"","2022-01-16","Assigned",NULL);
INSERT INTO PatientAssignment(PatientID,WardID,AssignmentDetail,AssignmentDate,Status,DateDischarged) VALUES(26,6,"","2022-01-01","Assigned",NULL);
INSERT INTO PatientAssignment(PatientID,WardID,AssignmentDetail,AssignmentDate,Status,DateDischarged) VALUES(27,7,"","2022-02-11","UNAssigned",NULL);
INSERT INTO PatientAssignment(PatientID,WardID,AssignmentDetail,AssignmentDate,Status,DateDischarged) VALUES(28,8,"","2022-03-09","Assigned",NULL);
INSERT INTO PatientAssignment(PatientID,WardID,AssignmentDetail,AssignmentDate,Status,DateDischarged) VALUES(29,9,"","2022-04-03","UNAssigned",NULL);
INSERT INTO PatientAssignment(PatientID,WardID,AssignmentDetail,AssignmentDate,Status,DateDischarged) VALUES(30,10,"","2022-01-16","Assigned",NULL);
INSERT INTO PatientAssignment(PatientID,WardID,AssignmentDetail,AssignmentDate,Status,DateDischarged) VALUES(31,5,"","2022-01-01","Assigned",NULL);
INSERT INTO PatientAssignment(PatientID,WardID,AssignmentDetail,AssignmentDate,Status,DateDischarged) VALUES(32,4,"","2022-02-11","UNAssigned",NULL);
INSERT INTO PatientAssignment(PatientID,WardID,AssignmentDetail,AssignmentDate,Status,DateDischarged) VALUES(33,3,"","2022-03-09","Assigned",NULL);
INSERT INTO PatientAssignment(PatientID,WardID,AssignmentDetail,AssignmentDate,Status,DateDischarged) VALUES(34,2,"","2022-04-03","UNAssigned",NULL);
INSERT INTO PatientAssignment(PatientID,WardID,AssignmentDetail,AssignmentDate,Status,DateDischarged) VALUES(35,1,"","2022-01-16","Assigned",NULL);
INSERT INTO PatientAssignment(PatientID,WardID,AssignmentDetail,AssignmentDate,Status,DateDischarged) VALUES(36,6,"","2022-01-01","Assigned",NULL);
INSERT INTO PatientAssignment(PatientID,WardID,AssignmentDetail,AssignmentDate,Status,DateDischarged) VALUES(37,7,"","2022-02-11","UNAssigned",NULL);
INSERT INTO PatientAssignment(PatientID,WardID,AssignmentDetail,AssignmentDate,Status,DateDischarged) VALUES(38,8,"","2022-03-09","Assigned",NULL);
INSERT INTO PatientAssignment(PatientID,WardID,AssignmentDetail,AssignmentDate,Status,DateDischarged) VALUES(39,9,"","2022-04-03","UNAssigned",NULL);
INSERT INTO PatientAssignment(PatientID,WardID,AssignmentDetail,AssignmentDate,Status,DateDischarged) VALUES(40,10,"","2022-01-16","Assigned",NULL);
INSERT INTO PatientAssignment(PatientID,WardID,AssignmentDetail,AssignmentDate,Status,DateDischarged) VALUES(41,5,"","2022-01-01","Assigned",NULL);
INSERT INTO PatientAssignment(PatientID,WardID,AssignmentDetail,AssignmentDate,Status,DateDischarged) VALUES(42,4,"","2022-02-11","UNAssigned",NULL);
INSERT INTO PatientAssignment(PatientID,WardID,AssignmentDetail,AssignmentDate,Status,DateDischarged) VALUES(43,3,"","2022-03-09","Assigned",NULL);
INSERT INTO PatientAssignment(PatientID,WardID,AssignmentDetail,AssignmentDate,Status,DateDischarged) VALUES(44,2,"","2022-04-03","UNAssigned",NULL);
INSERT INTO PatientAssignment(PatientID,WardID,AssignmentDetail,AssignmentDate,Status,DateDischarged) VALUES(45,1,"","2022-01-16","Assigned",NULL);
INSERT INTO PatientAssignment(PatientID,WardID,AssignmentDetail,AssignmentDate,Status,DateDischarged) VALUES(46,6,"","2022-01-01","Assigned",NULL);
INSERT INTO PatientAssignment(PatientID,WardID,AssignmentDetail,AssignmentDate,Status,DateDischarged) VALUES(47,7,"","2022-02-11","UNAssigned",NULL);
INSERT INTO PatientAssignment(PatientID,WardID,AssignmentDetail,AssignmentDate,Status,DateDischarged) VALUES(48,8,"","2022-03-09","Assigned",NULL);
INSERT INTO PatientAssignment(PatientID,WardID,AssignmentDetail,AssignmentDate,Status,DateDischarged) VALUES(50,10,"","2022-01-16","Assigned",NULL);
INSERT INTO PatientAssignment(PatientID,WardID,AssignmentDetail,AssignmentDate,Status,DateDischarged) VALUES(51,5,"","2022-01-01","Assigned",NULL);
INSERT INTO PatientAssignment(PatientID,WardID,AssignmentDetail,AssignmentDate,Status,DateDischarged) VALUES(52,4,"","2022-02-11","UNAssigned",NULL);
INSERT INTO PatientAssignment(PatientID,WardID,AssignmentDetail,AssignmentDate,Status,DateDischarged) VALUES(53,3,"","2022-03-09","Assigned",NULL);
INSERT INTO PatientAssignment(PatientID,WardID,AssignmentDetail,AssignmentDate,Status,DateDischarged) VALUES(54,2,"","2022-04-03","UNAssigned",NULL);
INSERT INTO PatientAssignment(PatientID,WardID,AssignmentDetail,AssignmentDate,Status,DateDischarged) VALUES(55,1,"","2022-01-16","Assigned",NULL);
INSERT INTO PatientAssignment(PatientID,WardID,AssignmentDetail,AssignmentDate,Status,DateDischarged) VALUES(56,6,"","2022-01-01","Assigned",NULL);
INSERT INTO PatientAssignment(PatientID,WardID,AssignmentDetail,AssignmentDate,Status,DateDischarged) VALUES(57,7,"","2022-02-11","UNAssigned",NULL);
INSERT INTO PatientAssignment(PatientID,WardID,AssignmentDetail,AssignmentDate,Status,DateDischarged) VALUES(58,8,"","2022-03-09","Assigned",NULL);
INSERT INTO PatientAssignment(PatientID,WardID,AssignmentDetail,AssignmentDate,Status,DateDischarged) VALUES(59,9,"","2022-04-03","UNAssigned",NULL);
INSERT INTO PatientAssignment(PatientID,WardID,AssignmentDetail,AssignmentDate,Status,DateDischarged) VALUES(60,10,"","2022-01-16","Assigned",NULL);
INSERT INTO PatientAssignment(PatientID,WardID,AssignmentDetail,AssignmentDate,Status,DateDischarged) VALUES(61,5,"","2022-01-01","Assigned",NULL);
INSERT INTO PatientAssignment(PatientID,WardID,AssignmentDetail,AssignmentDate,Status,DateDischarged) VALUES(62,4,"","2022-02-11","UNAssigned",NULL);
INSERT INTO PatientAssignment(PatientID,WardID,AssignmentDetail,AssignmentDate,Status,DateDischarged) VALUES(63,3,"","2022-03-09","Assigned",NULL);
INSERT INTO PatientAssignment(PatientID,WardID,AssignmentDetail,AssignmentDate,Status,DateDischarged) VALUES(64,2,"","2022-04-03","UNAssigned",NULL);
INSERT INTO PatientAssignment(PatientID,WardID,AssignmentDetail,AssignmentDate,Status,DateDischarged) VALUES(65,1,"","2022-01-16","Assigned",NULL);
INSERT INTO PatientAssignment(PatientID,WardID,AssignmentDetail,AssignmentDate,Status,DateDischarged) VALUES(66,6,"","2022-01-01","Assigned",NULL);
INSERT INTO PatientAssignment(PatientID,WardID,AssignmentDetail,AssignmentDate,Status,DateDischarged) VALUES(67,7,"","2022-02-11","UNAssigned",NULL);
INSERT INTO PatientAssignment(PatientID,WardID,AssignmentDetail,AssignmentDate,Status,DateDischarged) VALUES(70,10,"","2022-01-16","Assigned",NULL);
INSERT INTO PatientAssignment(PatientID,WardID,AssignmentDetail,AssignmentDate,Status,DateDischarged) VALUES(71,5,"","2022-01-01","Assigned",NULL);
INSERT INTO PatientAssignment(PatientID,WardID,AssignmentDetail,AssignmentDate,Status,DateDischarged) VALUES(72,4,"","2022-02-11","UNAssigned",NULL);
INSERT INTO PatientAssignment(PatientID,WardID,AssignmentDetail,AssignmentDate,Status,DateDischarged) VALUES(73,3,"","2022-03-09","Assigned",NULL);
INSERT INTO PatientAssignment(PatientID,WardID,AssignmentDetail,AssignmentDate,Status,DateDischarged) VALUES(74,2,"","2022-04-03","UNAssigned",NULL);
INSERT INTO PatientAssignment(PatientID,WardID,AssignmentDetail,AssignmentDate,Status,DateDischarged) VALUES(75,1,"","2022-01-16","Assigned",NULL);
INSERT INTO PatientAssignment(PatientID,WardID,AssignmentDetail,AssignmentDate,Status,DateDischarged) VALUES(76,6,"","2022-01-01","Assigned",NULL);
INSERT INTO PatientAssignment(PatientID,WardID,AssignmentDetail,AssignmentDate,Status,DateDischarged) VALUES(77,7,"","2022-02-11","UNAssigned",NULL);
INSERT INTO PatientAssignment(PatientID,WardID,AssignmentDetail,AssignmentDate,Status,DateDischarged) VALUES(78,8,"","2022-03-09","Assigned",NULL);
INSERT INTO PatientAssignment(PatientID,WardID,AssignmentDetail,AssignmentDate,Status,DateDischarged) VALUES(79,9,"","2022-04-03","UNAssigned",NULL);
INSERT INTO PatientAssignment(PatientID,WardID,AssignmentDetail,AssignmentDate,Status,DateDischarged) VALUES(80,10,"","2022-01-16","Assigned",NULL);
INSERT INTO PatientAssignment(PatientID,WardID,AssignmentDetail,AssignmentDate,Status,DateDischarged) VALUES(81,5,"","2022-01-01","Assigned",NULL);
INSERT INTO PatientAssignment(PatientID,WardID,AssignmentDetail,AssignmentDate,Status,DateDischarged) VALUES(82,4,"","2022-02-11","UNAssigned",NULL);
INSERT INTO PatientAssignment(PatientID,WardID,AssignmentDetail,AssignmentDate,Status,DateDischarged) VALUES(83,3,"","2022-03-09","Assigned",NULL);
INSERT INTO PatientAssignment(PatientID,WardID,AssignmentDetail,AssignmentDate,Status,DateDischarged) VALUES(84,2,"","2022-04-03","UNAssigned",NULL);
INSERT INTO PatientAssignment(PatientID,WardID,AssignmentDetail,AssignmentDate,Status,DateDischarged) VALUES(85,1,"","2022-01-16","Assigned",NULL);
INSERT INTO PatientAssignment(PatientID,WardID,AssignmentDetail,AssignmentDate,Status,DateDischarged) VALUES(86,6,"","2022-01-01","Assigned",NULL);
INSERT INTO PatientAssignment(PatientID,WardID,AssignmentDetail,AssignmentDate,Status,DateDischarged) VALUES(87,7,"","2022-02-11","UNAssigned",NULL);
INSERT INTO PatientAssignment(PatientID,WardID,AssignmentDetail,AssignmentDate,Status,DateDischarged) VALUES(88,8,"","2022-03-09","Assigned",NULL);
INSERT INTO PatientAssignment(PatientID,WardID,AssignmentDetail,AssignmentDate,Status,DateDischarged) VALUES(89,9,"","2022-04-03","UNAssigned",NULL);
INSERT INTO PatientAssignment(PatientID,WardID,AssignmentDetail,AssignmentDate,Status,DateDischarged) VALUES(90,10,"","2022-01-16","Assigned",NULL);
INSERT INTO PatientAssignment(PatientID,WardID,AssignmentDetail,AssignmentDate,Status,DateDischarged) VALUES(91,5,"","2022-01-01","Assigned",NULL);
INSERT INTO PatientAssignment(PatientID,WardID,AssignmentDetail,AssignmentDate,Status,DateDischarged) VALUES(92,4,"","2022-02-11","UNAssigned",NULL);
INSERT INTO PatientAssignment(PatientID,WardID,AssignmentDetail,AssignmentDate,Status,DateDischarged) VALUES(93,3,"","2022-03-09","Assigned",NULL);
INSERT INTO PatientAssignment(PatientID,WardID,AssignmentDetail,AssignmentDate,Status,DateDischarged) VALUES(94,2,"","2022-04-03","UNAssigned",NULL);
INSERT INTO PatientAssignment(PatientID,WardID,AssignmentDetail,AssignmentDate,Status,DateDischarged) VALUES(95,1,"","2022-01-16","Assigned",NULL);
INSERT INTO PatientAssignment(PatientID,WardID,AssignmentDetail,AssignmentDate,Status,DateDischarged) VALUES(96,6,"","2022-01-01","Assigned",NULL);
INSERT INTO PatientAssignment(PatientID,WardID,AssignmentDetail,AssignmentDate,Status,DateDischarged) VALUES(97,7,"","2022-02-11","UNAssigned",NULL);
INSERT INTO PatientAssignment(PatientID,WardID,AssignmentDetail,AssignmentDate,Status,DateDischarged) VALUES(98,8,"","2022-03-09","Assigned",NULL);
INSERT INTO PatientAssignment(PatientID,WardID,AssignmentDetail,AssignmentDate,Status,DateDischarged) VALUES(99,9,"","2022-04-03","UNAssigned",NULL);
INSERT INTO PatientAssignment(PatientID,WardID,AssignmentDetail,AssignmentDate,Status,DateDischarged) VALUES(100,10,"","2022-01-16","Assigned",NULL);


-- 45
INSERT INTO Bill(BillID,PatientID,Amount) VALUES(1,1,10000);
INSERT INTO Bill(BillID,PatientID,Amount) VALUES(2,2,20000);
INSERT INTO Bill(BillID,PatientID,Amount) VALUES(3,3,30000);
INSERT INTO Bill(BillID,PatientID,Amount) VALUES(4,4,50000);
INSERT INTO Bill(BillID,PatientID,Amount) VALUES(5,5,40000);
INSERT INTO Bill(BillID,PatientID,Amount) VALUES(6,6,10000);
INSERT INTO Bill(BillID,PatientID,Amount) VALUES(7,7,20000);
INSERT INTO Bill(BillID,PatientID,Amount) VALUES(8,8,30000);
INSERT INTO Bill(BillID,PatientID,Amount) VALUES(9,9,50000);
INSERT INTO Bill(BillID,PatientID,Amount) VALUES(10,1,40000);
INSERT INTO Bill(BillID,PatientID,Amount) VALUES(11,11,10000);
INSERT INTO Bill(BillID,PatientID,Amount) VALUES(12,12,20000);
INSERT INTO Bill(BillID,PatientID,Amount) VALUES(13,13,30000);
INSERT INTO Bill(BillID,PatientID,Amount) VALUES(14,14,50000);
INSERT INTO Bill(BillID,PatientID,Amount) VALUES(15,15,40000);
INSERT INTO Bill(BillID,PatientID,Amount) VALUES(16,16,10000);
INSERT INTO Bill(BillID,PatientID,Amount) VALUES(17,17,20000);
INSERT INTO Bill(BillID,PatientID,Amount) VALUES(18,18,30000);
INSERT INTO Bill(BillID,PatientID,Amount) VALUES(19,19,50000);
INSERT INTO Bill(BillID,PatientID,Amount) VALUES(20,20,40000);
INSERT INTO Bill(BillID,PatientID,Amount) VALUES(21,21,10000);
INSERT INTO Bill(BillID,PatientID,Amount) VALUES(22,22,20000);
INSERT INTO Bill(BillID,PatientID,Amount) VALUES(23,23,30000);
INSERT INTO Bill(BillID,PatientID,Amount) VALUES(24,24,50000);
INSERT INTO Bill(BillID,PatientID,Amount) VALUES(25,25,40000);
INSERT INTO Bill(BillID,PatientID,Amount) VALUES(26,26,10000);
INSERT INTO Bill(BillID,PatientID,Amount) VALUES(27,27,20000);
INSERT INTO Bill(BillID,PatientID,Amount) VALUES(28,28,30000);
INSERT INTO Bill(BillID,PatientID,Amount) VALUES(29,29,50000);
INSERT INTO Bill(BillID,PatientID,Amount) VALUES(30,30,40000);
INSERT INTO Bill(BillID,PatientID,Amount) VALUES(31,31,10000);
INSERT INTO Bill(BillID,PatientID,Amount) VALUES(32,32,20000);
INSERT INTO Bill(BillID,PatientID,Amount) VALUES(33,33,30000);
INSERT INTO Bill(BillID,PatientID,Amount) VALUES(34,34,50000);
INSERT INTO Bill(BillID,PatientID,Amount) VALUES(35,35,40000);
INSERT INTO Bill(BillID,PatientID,Amount) VALUES(36,36,10000);
INSERT INTO Bill(BillID,PatientID,Amount) VALUES(37,37,20000);
INSERT INTO Bill(BillID,PatientID,Amount) VALUES(38,38,30000);
INSERT INTO Bill(BillID,PatientID,Amount) VALUES(39,39,50000);
INSERT INTO Bill(BillID,PatientID,Amount) VALUES(40,40,40000);
INSERT INTO Bill(BillID,PatientID,Amount) VALUES(41,41,10000);
INSERT INTO Bill(BillID,PatientID,Amount) VALUES(42,42,20000);
INSERT INTO Bill(BillID,PatientID,Amount) VALUES(43,43,30000);
INSERT INTO Bill(BillID,PatientID,Amount) VALUES(44,44,50000);
INSERT INTO Bill(BillID,PatientID,Amount) VALUES(45,45,40000);
INSERT INTO Bill(BillID,PatientID,Amount) VALUES(46,46,10000);
INSERT INTO Bill(BillID,PatientID,Amount) VALUES(47,47,20000);
INSERT INTO Bill(BillID,PatientID,Amount) VALUES(48,48,30000);
INSERT INTO Bill(BillID,PatientID,Amount) VALUES(49,2,50000);
INSERT INTO Bill(BillID,PatientID,Amount) VALUES(50,50,40000);
INSERT INTO Bill(BillID,PatientID,Amount) VALUES(51,51,10000);
INSERT INTO Bill(BillID,PatientID,Amount) VALUES(52,52,20000);
INSERT INTO Bill(BillID,PatientID,Amount) VALUES(53,53,30000);
INSERT INTO Bill(BillID,PatientID,Amount) VALUES(54,54,50000);
INSERT INTO Bill(BillID,PatientID,Amount) VALUES(55,55,40000);
INSERT INTO Bill(BillID,PatientID,Amount) VALUES(56,56,10000);
INSERT INTO Bill(BillID,PatientID,Amount) VALUES(57,57,20000);
INSERT INTO Bill(BillID,PatientID,Amount) VALUES(58,58,30000);
INSERT INTO Bill(BillID,PatientID,Amount) VALUES(59,59,50000);
INSERT INTO Bill(BillID,PatientID,Amount) VALUES(60,60,40000);
INSERT INTO Bill(BillID,PatientID,Amount) VALUES(61,61,10000);
INSERT INTO Bill(BillID,PatientID,Amount) VALUES(62,62,20000);
INSERT INTO Bill(BillID,PatientID,Amount) VALUES(63,63,30000);
INSERT INTO Bill(BillID,PatientID,Amount) VALUES(64,64,50000);
INSERT INTO Bill(BillID,PatientID,Amount) VALUES(65,65,40000);
INSERT INTO Bill(BillID,PatientID,Amount) VALUES(66,66,10000);
INSERT INTO Bill(BillID,PatientID,Amount) VALUES(67,67,20000);
INSERT INTO Bill(BillID,PatientID,Amount) VALUES(68,5,30000);
INSERT INTO Bill(BillID,PatientID,Amount) VALUES(70,70,40000);
INSERT INTO Bill(BillID,PatientID,Amount) VALUES(71,71,10000);
INSERT INTO Bill(BillID,PatientID,Amount) VALUES(72,72,20000);
INSERT INTO Bill(BillID,PatientID,Amount) VALUES(73,73,30000);
INSERT INTO Bill(BillID,PatientID,Amount) VALUES(74,74,50000);
INSERT INTO Bill(BillID,PatientID,Amount) VALUES(75,75,40000);
INSERT INTO Bill(BillID,PatientID,Amount) VALUES(76,76,10000);
INSERT INTO Bill(BillID,PatientID,Amount) VALUES(77,77,20000);
INSERT INTO Bill(BillID,PatientID,Amount) VALUES(78,78,30000);
INSERT INTO Bill(BillID,PatientID,Amount) VALUES(79,79,50000);
INSERT INTO Bill(BillID,PatientID,Amount) VALUES(80,80,40000);
INSERT INTO Bill(BillID,PatientID,Amount) VALUES(81,81,10000);
INSERT INTO Bill(BillID,PatientID,Amount) VALUES(82,82,20000);
INSERT INTO Bill(BillID,PatientID,Amount) VALUES(83,83,30000);
INSERT INTO Bill(BillID,PatientID,Amount) VALUES(84,84,50000);
INSERT INTO Bill(BillID,PatientID,Amount) VALUES(85,85,40000);
INSERT INTO Bill(BillID,PatientID,Amount) VALUES(86,86,10000);
INSERT INTO Bill(BillID,PatientID,Amount) VALUES(87,87,20000);
INSERT INTO Bill(BillID,PatientID,Amount) VALUES(88,88,30000);
INSERT INTO Bill(BillID,PatientID,Amount) VALUES(89,89,50000);
INSERT INTO Bill(BillID,PatientID,Amount) VALUES(90,90,40000);
INSERT INTO Bill(BillID,PatientID,Amount) VALUES(91,91,10000);
INSERT INTO Bill(BillID,PatientID,Amount) VALUES(92,92,20000);
INSERT INTO Bill(BillID,PatientID,Amount) VALUES(93,93,30000);
INSERT INTO Bill(BillID,PatientID,Amount) VALUES(94,94,50000);
INSERT INTO Bill(BillID,PatientID,Amount) VALUES(95,95,40000);
INSERT INTO Bill(BillID,PatientID,Amount) VALUES(96,96,10000);
INSERT INTO Bill(BillID,PatientID,Amount) VALUES(97,97,20000);
INSERT INTO Bill(BillID,PatientID,Amount) VALUES(98,98,30000);
INSERT INTO Bill(BillID,PatientID,Amount) VALUES(99,99,50000);
INSERT INTO Bill(BillID,PatientID,Amount) VALUES(100,100,40000);


-- 46
INSERT INTO CashPayment(CashPaymentID,Amount,PaymentDate,Balance,PaymentTime,BillID) VALUES(1,150000,"2022-03-04",30000,"12:50:00",5);
INSERT INTO CashPayment(CashPaymentID,Amount,PaymentDate,Balance,PaymentTime,BillID) VALUES(2,160000,"2022-04-04",20000,"12:50:00",4);
INSERT INTO CashPayment(CashPaymentID,Amount,PaymentDate,Balance,PaymentTime,BillID) VALUES(3,170000,"2022-03-14",40000,"12:50:00",3);
INSERT INTO CashPayment(CashPaymentID,Amount,PaymentDate,Balance,PaymentTime,BillID) VALUES(4,180000,"2022-03-19",10000,"12:50:00",2);
INSERT INTO CashPayment(CashPaymentID,Amount,PaymentDate,Balance,PaymentTime,BillID) VALUES(5,190000,"2022-02-04",70000,"12:50:00",1);

-- 47
INSERT INTO BankPayment(CardNo,BankName,Branch,Amount,PaymentDate,Balance,ExpiryDate,PaymentTime,BillID)VALUES
(1,"ADT","TownEnd",14000,"2022-01-01",20000,"2025-09-09","10:00:00",1);
INSERT INTO BankPayment(CardNo,BankName,Branch,Amount,PaymentDate,Balance,ExpiryDate,PaymentTime,BillID)VALUES
(2,"ADT","TownEnd",12000,"2022-01-01",20000,"2025-09-09","10:00:00",2);
INSERT INTO BankPayment(CardNo,BankName,Branch,Amount,PaymentDate,Balance,ExpiryDate,PaymentTime,BillID)VALUES
(3,"ADT","TownEnd",12000,"2022-01-01",20000,"2025-09-09","10:00:00",3);
INSERT INTO BankPayment(CardNo,BankName,Branch,Amount,PaymentDate,Balance,ExpiryDate,PaymentTime,BillID)VALUES
(4,"ADT","TownEnd",12000,"2022-01-01",20000,"2025-09-09","10:00:00",4);
INSERT INTO BankPayment(CardNo,BankName,Branch,Amount,PaymentDate,Balance,ExpiryDate,PaymentTime,BillID)VALUES
(5,"ADT","TownEnd",12000,"2022-01-01",20000,"2025-09-09","10:00:00",5);
INSERT INTO BankPayment(CardNo,BankName,Branch,Amount,PaymentDate,Balance,ExpiryDate,PaymentTime,BillID)VALUES
(6,"ADT","TownEnd",12000,"2022-01-01",20000,"2025-09-09","10:00:00",1);
INSERT INTO BankPayment(CardNo,BankName,Branch,Amount,PaymentDate,Balance,ExpiryDate,PaymentTime,BillID)VALUES
(7,"ADT","TownEnd",12000,"2022-01-01",20000,"2025-09-09","10:00:00",9);
INSERT INTO BankPayment(CardNo,BankName,Branch,Amount,PaymentDate,Balance,ExpiryDate,PaymentTime,BillID)VALUES
(8,"ADT","TownEnd",12000,"2022-01-01",20000,"2025-09-09","10:00:00",4);
INSERT INTO BankPayment(CardNo,BankName,Branch,Amount,PaymentDate,Balance,ExpiryDate,PaymentTime,BillID)VALUES
(9,"ADT","TownEnd",12000,"2022-01-01",20000,"2025-09-09","10:00:00",5);
INSERT INTO BankPayment(CardNo,BankName,Branch,Amount,PaymentDate,Balance,ExpiryDate,PaymentTime,BillID)VALUES
(10,"ADT","TownEnd",12000,"2022-01-01",20000,"2025-09-09","10:00:00",4);
INSERT INTO BankPayment(CardNo,BankName,Branch,Amount,PaymentDate,Balance,ExpiryDate,PaymentTime,BillID)VALUES
(11,"ADT","TownEnd",12000,"2022-01-01",20000,"2025-09-09","10:00:00",1);
INSERT INTO BankPayment(CardNo,BankName,Branch,Amount,PaymentDate,Balance,ExpiryDate,PaymentTime,BillID)VALUES
(12,"ADT","TownEnd",12000,"2022-01-01",20000,"2025-09-09","10:00:00",7);
INSERT INTO BankPayment(CardNo,BankName,Branch,Amount,PaymentDate,Balance,ExpiryDate,PaymentTime,BillID)VALUES
(13,"ADT","TownEnd",12000,"2022-01-01",20000,"2025-09-09","10:00:00",8);
INSERT INTO BankPayment(CardNo,BankName,Branch,Amount,PaymentDate,Balance,ExpiryDate,PaymentTime,BillID)VALUES
(14,"ADT","TownEnd",12000,"2022-01-01",20000,"2025-09-09","10:00:00",9);
INSERT INTO BankPayment(CardNo,BankName,Branch,Amount,PaymentDate,Balance,ExpiryDate,PaymentTime,BillID)VALUES
(15,"ADT","TownEnd",12000,"2022-01-01",20000,"2025-09-09","10:00:00",10);
INSERT INTO BankPayment(CardNo,BankName,Branch,Amount,PaymentDate,Balance,ExpiryDate,PaymentTime,BillID)VALUES
(16,"ADT","TownEnd",12000,"2022-01-01",20000,"2025-09-09","10:00:00",1);
INSERT INTO BankPayment(CardNo,BankName,Branch,Amount,PaymentDate,Balance,ExpiryDate,PaymentTime,BillID)VALUES
(17,"ADT","TownEnd",12000,"2022-01-01",20000,"2025-09-09","10:00:00",1);
INSERT INTO BankPayment(CardNo,BankName,Branch,Amount,PaymentDate,Balance,ExpiryDate,PaymentTime,BillID)VALUES
(18,"ADT","TownEnd",12000,"2022-01-01",20000,"2025-09-09","10:00:00",1);
INSERT INTO BankPayment(CardNo,BankName,Branch,Amount,PaymentDate,Balance,ExpiryDate,PaymentTime,BillID)VALUES
(19,"ADT","TownEnd",12000,"2022-01-01",20000,"2025-09-09","10:00:00",1);
INSERT INTO BankPayment(CardNo,BankName,Branch,Amount,PaymentDate,Balance,ExpiryDate,PaymentTime,BillID)VALUES
(20,"ADT","TownEnd",12000,"2022-01-01",20000,"2025-09-09","10:00:00",1);
INSERT INTO BankPayment(CardNo,BankName,Branch,Amount,PaymentDate,Balance,ExpiryDate,PaymentTime,BillID)VALUES
(21,"ADT","TownEnd",12000,"2022-01-01",20000,"2025-09-09","10:00:00",1);

-- 48
INSERT INTO PaymentDetails(PaymentDetailID,BillID,PaidDate,PaymentMethod,PaymentDetailDescription) VALUES(1,5,"2022-04-06","Cash","");
INSERT INTO PaymentDetails(PaymentDetailID,BillID,PaidDate,PaymentMethod,PaymentDetailDescription) VALUES(2,4,"2022-04-05","Cash","");
INSERT INTO PaymentDetails(PaymentDetailID,BillID,PaidDate,PaymentMethod,PaymentDetailDescription) VALUES(3,3,"2022-04-04","Cash","");
INSERT INTO PaymentDetails(PaymentDetailID,BillID,PaidDate,PaymentMethod,PaymentDetailDescription) VALUES(4,2,"2022-04-03","Cash","");
INSERT INTO PaymentDetails(PaymentDetailID,BillID,PaidDate,PaymentMethod,PaymentDetailDescription) VALUES(5,1,"2022-04-01","Cash","");


-- 49
INSERT INTO InsuranceCompany(InsuranceCompanyID,Name,OtherCompanyDetails) VALUES(1,"ABZ insc.","");
INSERT INTO InsuranceCompany(InsuranceCompanyID,Name,OtherCompanyDetails) VALUES(2,"ABC insc.","");
INSERT INTO InsuranceCompany(InsuranceCompanyID,Name,OtherCompanyDetails) VALUES(3,"XYZ insc.","");
INSERT INTO InsuranceCompany(InsuranceCompanyID,Name,OtherCompanyDetails) VALUES(4,"EFG insc.","");
INSERT INTO InsuranceCompany(InsuranceCompanyID,Name,OtherCompanyDetails) VALUES(5,"JKL insc.","");
INSERT INTO InsuranceCompany(InsuranceCompanyID,Name,OtherCompanyDetails) VALUES(6,"A insc.","");
INSERT INTO InsuranceCompany(InsuranceCompanyID,Name,OtherCompanyDetails) VALUES(7,"B insc.","");
INSERT INTO InsuranceCompany(InsuranceCompanyID,Name,OtherCompanyDetails) VALUES(8,"C insc.","");
INSERT INTO InsuranceCompany(InsuranceCompanyID,Name,OtherCompanyDetails) VALUES(9,"D insc.","");
INSERT INTO InsuranceCompany(InsuranceCompanyID,Name,OtherCompanyDetails) VALUES(10,"E insc.","");
INSERT INTO InsuranceCompany(InsuranceCompanyID,Name,OtherCompanyDetails) VALUES(11,"AB insc.","");
INSERT INTO InsuranceCompany(InsuranceCompanyID,Name,OtherCompanyDetails) VALUES(12,"AC insc.","");
INSERT INTO InsuranceCompany(InsuranceCompanyID,Name,OtherCompanyDetails) VALUES(13,"XZ insc.","");
INSERT INTO InsuranceCompany(InsuranceCompanyID,Name,OtherCompanyDetails) VALUES(14,"EG insc.","");
INSERT INTO InsuranceCompany(InsuranceCompanyID,Name,OtherCompanyDetails) VALUES(15,"JL insc.","");
INSERT INTO InsuranceCompany(InsuranceCompanyID,Name,OtherCompanyDetails) VALUES(16,"F insc.","");
INSERT INTO InsuranceCompany(InsuranceCompanyID,Name,OtherCompanyDetails) VALUES(17,"G insc.","");
INSERT INTO InsuranceCompany(InsuranceCompanyID,Name,OtherCompanyDetails) VALUES(18,"H insc.","");
INSERT INTO InsuranceCompany(InsuranceCompanyID,Name,OtherCompanyDetails) VALUES(19,"I insc.","");
INSERT INTO InsuranceCompany(InsuranceCompanyID,Name,OtherCompanyDetails) VALUES(20,"J insc.","");
INSERT INTO InsuranceCompany(InsuranceCompanyID,Name,OtherCompanyDetails) VALUES(21,"ABWE insc.","");
INSERT INTO InsuranceCompany(InsuranceCompanyID,Name,OtherCompanyDetails) VALUES(22,"ABCE insc.","");
INSERT INTO InsuranceCompany(InsuranceCompanyID,Name,OtherCompanyDetails) VALUES(23,"XYZE insc.","");
INSERT INTO InsuranceCompany(InsuranceCompanyID,Name,OtherCompanyDetails) VALUES(24,"EFGE insc.","");
INSERT INTO InsuranceCompany(InsuranceCompanyID,Name,OtherCompanyDetails) VALUES(25,"JKLE insc.","");
INSERT INTO InsuranceCompany(InsuranceCompanyID,Name,OtherCompanyDetails) VALUES(26,"AA insc.","");
INSERT INTO InsuranceCompany(InsuranceCompanyID,Name,OtherCompanyDetails) VALUES(27,"BA insc.","");
INSERT INTO InsuranceCompany(InsuranceCompanyID,Name,OtherCompanyDetails) VALUES(28,"CA insc.","");
INSERT INTO InsuranceCompany(InsuranceCompanyID,Name,OtherCompanyDetails) VALUES(29,"DA insc.","");
INSERT INTO InsuranceCompany(InsuranceCompanyID,Name,OtherCompanyDetails) VALUES(30,"AC insc.","");
INSERT INTO InsuranceCompany(InsuranceCompanyID,Name,OtherCompanyDetails) VALUES(31,"AZE insc.","");
INSERT INTO InsuranceCompany(InsuranceCompanyID,Name,OtherCompanyDetails) VALUES(32,"ABE insc.","");
INSERT INTO InsuranceCompany(InsuranceCompanyID,Name,OtherCompanyDetails) VALUES(33,"XYZ insc.","");
INSERT INTO InsuranceCompany(InsuranceCompanyID,Name,OtherCompanyDetails) VALUES(34,"EFGC insc.","");
INSERT INTO InsuranceCompany(InsuranceCompanyID,Name,OtherCompanyDetails) VALUES(35,"JKL insc.","");
INSERT INTO InsuranceCompany(InsuranceCompanyID,Name,OtherCompanyDetails) VALUES(36,"AZ insc.","");
INSERT INTO InsuranceCompany(InsuranceCompanyID,Name,OtherCompanyDetails) VALUES(37,"BER insc.","");
INSERT INTO InsuranceCompany(InsuranceCompanyID,Name,OtherCompanyDetails) VALUES(38,"CON insc.","");
INSERT INTO InsuranceCompany(InsuranceCompanyID,Name,OtherCompanyDetails) VALUES(39,"DU insc.","");
INSERT INTO InsuranceCompany(InsuranceCompanyID,Name,OtherCompanyDetails) VALUES(40,"E insc.","");
INSERT INTO InsuranceCompany(InsuranceCompanyID,Name,OtherCompanyDetails) VALUES(41,"K insc.","");
INSERT INTO InsuranceCompany(InsuranceCompanyID,Name,OtherCompanyDetails) VALUES(42,"BC insc.","");
INSERT INTO InsuranceCompany(InsuranceCompanyID,Name,OtherCompanyDetails) VALUES(43,"ASYZ insc.","");
INSERT INTO InsuranceCompany(InsuranceCompanyID,Name,OtherCompanyDetails) VALUES(44,"EFIG insc.","");
INSERT INTO InsuranceCompany(InsuranceCompanyID,Name,OtherCompanyDetails) VALUES(45,"JKLV insc.","");
INSERT INTO InsuranceCompany(InsuranceCompanyID,Name,OtherCompanyDetails) VALUES(46,"L insc.","");
INSERT INTO InsuranceCompany(InsuranceCompanyID,Name,OtherCompanyDetails) VALUES(47,"M insc.","");
INSERT INTO InsuranceCompany(InsuranceCompanyID,Name,OtherCompanyDetails) VALUES(48,"N insc.","");
INSERT INTO InsuranceCompany(InsuranceCompanyID,Name,OtherCompanyDetails) VALUES(49,"O insc.","");
INSERT INTO InsuranceCompany(InsuranceCompanyID,Name,OtherCompanyDetails) VALUES(50,"P insc.","");
INSERT INTO InsuranceCompany(InsuranceCompanyID,Name,OtherCompanyDetails) VALUES(51,"ACZ insc.","");
INSERT INTO InsuranceCompany(InsuranceCompanyID,Name,OtherCompanyDetails) VALUES(52,"ADC insc.","");
INSERT INTO InsuranceCompany(InsuranceCompanyID,Name,OtherCompanyDetails) VALUES(53,"XDZ insc.","");
INSERT INTO InsuranceCompany(InsuranceCompanyID,Name,OtherCompanyDetails) VALUES(54,"EDG insc.","");
INSERT INTO InsuranceCompany(InsuranceCompanyID,Name,OtherCompanyDetails) VALUES(55,"JDL insc.","");
INSERT INTO InsuranceCompany(InsuranceCompanyID,Name,OtherCompanyDetails) VALUES(56,"ADC insc.","");
INSERT INTO InsuranceCompany(InsuranceCompanyID,Name,OtherCompanyDetails) VALUES(57,"BD insc.","");
INSERT INTO InsuranceCompany(InsuranceCompanyID,Name,OtherCompanyDetails) VALUES(58,"CD insc.","");
INSERT INTO InsuranceCompany(InsuranceCompanyID,Name,OtherCompanyDetails) VALUES(59,"DD insc.","");
INSERT INTO InsuranceCompany(InsuranceCompanyID,Name,OtherCompanyDetails) VALUES(60,"ED insc.","");
INSERT INTO InsuranceCompany(InsuranceCompanyID,Name,OtherCompanyDetails) VALUES(61,"WBZ insc.","");
INSERT INTO InsuranceCompany(InsuranceCompanyID,Name,OtherCompanyDetails) VALUES(62,"ABXC insc.","");
INSERT INTO InsuranceCompany(InsuranceCompanyID,Name,OtherCompanyDetails) VALUES(63,"XYXZ insc.","");
INSERT INTO InsuranceCompany(InsuranceCompanyID,Name,OtherCompanyDetails) VALUES(64,"EFGX insc.","");
INSERT INTO InsuranceCompany(InsuranceCompanyID,Name,OtherCompanyDetails) VALUES(65,"JKLX insc.","");
INSERT INTO InsuranceCompany(InsuranceCompanyID,Name,OtherCompanyDetails) VALUES(66,"AX insc.","");
INSERT INTO InsuranceCompany(InsuranceCompanyID,Name,OtherCompanyDetails) VALUES(67,"BX insc.","");
INSERT INTO InsuranceCompany(InsuranceCompanyID,Name,OtherCompanyDetails) VALUES(68,"CX insc.","");
INSERT INTO InsuranceCompany(InsuranceCompanyID,Name,OtherCompanyDetails) VALUES(69,"DX insc.","");
INSERT INTO InsuranceCompany(InsuranceCompanyID,Name,OtherCompanyDetails) VALUES(70,"EX insc.","");
INSERT INTO InsuranceCompany(InsuranceCompanyID,Name,OtherCompanyDetails) VALUES(71,"ABZM insc.","");
INSERT INTO InsuranceCompany(InsuranceCompanyID,Name,OtherCompanyDetails) VALUES(72,"ABMC insc.","");
INSERT INTO InsuranceCompany(InsuranceCompanyID,Name,OtherCompanyDetails) VALUES(73,"XYMZ insc.","");
INSERT INTO InsuranceCompany(InsuranceCompanyID,Name,OtherCompanyDetails) VALUES(74,"EFMG insc.","");
INSERT INTO InsuranceCompany(InsuranceCompanyID,Name,OtherCompanyDetails) VALUES(75,"JKML insc.","");
INSERT INTO InsuranceCompany(InsuranceCompanyID,Name,OtherCompanyDetails) VALUES(76,"AM insc.","");
INSERT INTO InsuranceCompany(InsuranceCompanyID,Name,OtherCompanyDetails) VALUES(77,"BM insc.","");
INSERT INTO InsuranceCompany(InsuranceCompanyID,Name,OtherCompanyDetails) VALUES(78,"CM insc.","");
INSERT INTO InsuranceCompany(InsuranceCompanyID,Name,OtherCompanyDetails) VALUES(79,"DM insc.","");
INSERT INTO InsuranceCompany(InsuranceCompanyID,Name,OtherCompanyDetails) VALUES(80,"EMP insc.","");
INSERT INTO InsuranceCompany(InsuranceCompanyID,Name,OtherCompanyDetails) VALUES(81,"ABZP insc.","");
INSERT INTO InsuranceCompany(InsuranceCompanyID,Name,OtherCompanyDetails) VALUES(82,"ABCP insc.","");
INSERT INTO InsuranceCompany(InsuranceCompanyID,Name,OtherCompanyDetails) VALUES(83,"XYZP insc.","");
INSERT INTO InsuranceCompany(InsuranceCompanyID,Name,OtherCompanyDetails) VALUES(84,"EFGP insc.","");
INSERT INTO InsuranceCompany(InsuranceCompanyID,Name,OtherCompanyDetails) VALUES(85,"JKLP insc.","");
INSERT INTO InsuranceCompany(InsuranceCompanyID,Name,OtherCompanyDetails) VALUES(86,"PA insc.","");
INSERT INTO InsuranceCompany(InsuranceCompanyID,Name,OtherCompanyDetails) VALUES(87,"BP insc.","");
INSERT INTO InsuranceCompany(InsuranceCompanyID,Name,OtherCompanyDetails) VALUES(88,"CP insc.","");
INSERT INTO InsuranceCompany(InsuranceCompanyID,Name,OtherCompanyDetails) VALUES(89,"DP insc.","");
INSERT INTO InsuranceCompany(InsuranceCompanyID,Name,OtherCompanyDetails) VALUES(90,"ENP insc.","");
INSERT INTO InsuranceCompany(InsuranceCompanyID,Name,OtherCompanyDetails) VALUES(91,"ABNZ insc.","");
INSERT INTO InsuranceCompany(InsuranceCompanyID,Name,OtherCompanyDetails) VALUES(92,"ABCN insc.","");
INSERT INTO InsuranceCompany(InsuranceCompanyID,Name,OtherCompanyDetails) VALUES(93,"XYZN insc.","");
INSERT INTO InsuranceCompany(InsuranceCompanyID,Name,OtherCompanyDetails) VALUES(94,"EFGN insc.","");
INSERT INTO InsuranceCompany(InsuranceCompanyID,Name,OtherCompanyDetails) VALUES(95,"JKLN insc.","");
INSERT INTO InsuranceCompany(InsuranceCompanyID,Name,OtherCompanyDetails) VALUES(96,"AN insc.","");
INSERT INTO InsuranceCompany(InsuranceCompanyID,Name,OtherCompanyDetails) VALUES(97,"BN insc.","");
INSERT INTO InsuranceCompany(InsuranceCompanyID,Name,OtherCompanyDetails) VALUES(98,"CN insc.","");
INSERT INTO InsuranceCompany(InsuranceCompanyID,Name,OtherCompanyDetails) VALUES(99,"DN insc.","");
INSERT INTO InsuranceCompany(InsuranceCompanyID,Name,OtherCompanyDetails) VALUES(100,"EN insc.","");


-- 50
INSERT INTO Coverage(CoverageID,CoverageName,CoverageGroup,
CoverageDescription,IsPolicyCoverage,InsuranceCompanyID) VALUES(1,"APZ","Major","","Yes",1);
INSERT INTO Coverage(CoverageID,CoverageName,CoverageGroup,
CoverageDescription,IsPolicyCoverage,InsuranceCompanyID) VALUES(2,"AvZ","Major","","Yes",1);
INSERT INTO Coverage(CoverageID,CoverageName,CoverageGroup,
CoverageDescription,IsPolicyCoverage,InsuranceCompanyID) VALUES(3,"cx","Major","","Yes",1);
INSERT INTO Coverage(CoverageID,CoverageName,CoverageGroup,
CoverageDescription,IsPolicyCoverage,InsuranceCompanyID) VALUES(4,"mZ","Major","","Yes",1);
INSERT INTO Coverage(CoverageID,CoverageName,CoverageGroup,
CoverageDescription,IsPolicyCoverage,InsuranceCompanyID) VALUES(5,"yc","Major","","Yes",1);
INSERT INTO Coverage(CoverageID,CoverageName,CoverageGroup,
CoverageDescription,IsPolicyCoverage,InsuranceCompanyID) VALUES(6,"65","Major","","Yes",1);
INSERT INTO Coverage(CoverageID,CoverageName,CoverageGroup,
CoverageDescription,IsPolicyCoverage,InsuranceCompanyID) VALUES(7,"zZ","Major","","Yes",1);
INSERT INTO Coverage(CoverageID,CoverageName,CoverageGroup,
CoverageDescription,IsPolicyCoverage,InsuranceCompanyID) VALUES(8,"Z","Major","","Yes",4);
INSERT INTO Coverage(CoverageID,CoverageName,CoverageGroup,
CoverageDescription,IsPolicyCoverage,InsuranceCompanyID) VALUES(9,"we","Major","","Yes",1);
INSERT INTO Coverage(CoverageID,CoverageName,CoverageGroup,
CoverageDescription,IsPolicyCoverage,InsuranceCompanyID) VALUES(10,"nu","Major","","No",1);
INSERT INTO Coverage(CoverageID,CoverageName,CoverageGroup,
CoverageDescription,IsPolicyCoverage,InsuranceCompanyID) VALUES(11,"Z","Major","","Yes",1);
INSERT INTO Coverage(CoverageID,CoverageName,CoverageGroup,
CoverageDescription,IsPolicyCoverage,InsuranceCompanyID) VALUES(12,"vb","Major","","Yes",1);
INSERT INTO Coverage(CoverageID,CoverageName,CoverageGroup,
CoverageDescription,IsPolicyCoverage,InsuranceCompanyID) VALUES(13,"aZ","Major","","Yes",1);
INSERT INTO Coverage(CoverageID,CoverageName,CoverageGroup,
CoverageDescription,IsPolicyCoverage,InsuranceCompanyID) VALUES(14,"op","Major","","Yes",1);
INSERT INTO Coverage(CoverageID,CoverageName,CoverageGroup,
CoverageDescription,IsPolicyCoverage,InsuranceCompanyID) VALUES(15,"eZ","Major","","Yes",1);
INSERT INTO Coverage(CoverageID,CoverageName,CoverageGroup,
CoverageDescription,IsPolicyCoverage,InsuranceCompanyID) VALUES(16,"aq","Major","","No",5);
INSERT INTO Coverage(CoverageID,CoverageName,CoverageGroup,
CoverageDescription,IsPolicyCoverage,InsuranceCompanyID) VALUES(17,"kq","Major","","No",1);
INSERT INTO Coverage(CoverageID,CoverageName,CoverageGroup,
CoverageDescription,IsPolicyCoverage,InsuranceCompanyID) VALUES(18,"was","Major","","Yes",1);
INSERT INTO Coverage(CoverageID,CoverageName,CoverageGroup,
CoverageDescription,IsPolicyCoverage,InsuranceCompanyID) VALUES(19,"A","Major","","Yes",1);
INSERT INTO Coverage(CoverageID,CoverageName,CoverageGroup,
CoverageDescription,IsPolicyCoverage,InsuranceCompanyID) VALUES(20,"APZ","Minor","","Yes",5);

-- 51
INSERT INTO Policy(PolicyID,PolicyNumber,PolicyEffectiveStartDate,
PolicyEffectiveEndDate,PaymentOption,
Active,PolicyAdditionalInfo,InsuranceCompanyID) VALUES(1,1,"2019-06-06","2026-09-09","","Yes","",1);
INSERT INTO Policy(PolicyID,PolicyNumber,PolicyEffectiveStartDate,
PolicyEffectiveEndDate,PaymentOption,
Active,PolicyAdditionalInfo,InsuranceCompanyID) VALUES(2,2,"2019-06-06","2026-09-09","","Yes","",5);
INSERT INTO Policy(PolicyID,PolicyNumber,PolicyEffectiveStartDate,
PolicyEffectiveEndDate,PaymentOption,
Active,PolicyAdditionalInfo,InsuranceCompanyID) VALUES(3,3,"2019-06-06","2026-09-09","","Yes","",1);
INSERT INTO Policy(PolicyID,PolicyNumber,PolicyEffectiveStartDate,
PolicyEffectiveEndDate,PaymentOption,
Active,PolicyAdditionalInfo,InsuranceCompanyID) VALUES(4,4,"2019-06-06","2026-09-09","","Yes","",1);
INSERT INTO Policy(PolicyID,PolicyNumber,PolicyEffectiveStartDate,
PolicyEffectiveEndDate,PaymentOption,
Active,PolicyAdditionalInfo,InsuranceCompanyID) VALUES(5,5,"2019-06-06","2026-09-09","","Yes","",1);
INSERT INTO Policy(PolicyID,PolicyNumber,PolicyEffectiveStartDate,
PolicyEffectiveEndDate,PaymentOption,
Active,PolicyAdditionalInfo,InsuranceCompanyID) VALUES(6,6,"2019-06-06","2026-09-09","","Yes","",2);
INSERT INTO Policy(PolicyID,PolicyNumber,PolicyEffectiveStartDate,
PolicyEffectiveEndDate,PaymentOption,
Active,PolicyAdditionalInfo,InsuranceCompanyID) VALUES(7,7,"2019-06-06","2026-09-09","","Yes","",1);
INSERT INTO Policy(PolicyID,PolicyNumber,PolicyEffectiveStartDate,
PolicyEffectiveEndDate,PaymentOption,
Active,PolicyAdditionalInfo,InsuranceCompanyID) VALUES(8,8,"2019-06-06","2026-09-09","","Yes","",2);
INSERT INTO Policy(PolicyID,PolicyNumber,PolicyEffectiveStartDate,
PolicyEffectiveEndDate,PaymentOption,
Active,PolicyAdditionalInfo,InsuranceCompanyID) VALUES(9,9,"2019-06-06","2026-09-09","","Yes","",1);
INSERT INTO Policy(PolicyID,PolicyNumber,PolicyEffectiveStartDate,
PolicyEffectiveEndDate,PaymentOption,
Active,PolicyAdditionalInfo,InsuranceCompanyID) VALUES(10,10,"2019-06-06","2026-09-09","","Yes","",3);
INSERT INTO Policy(PolicyID,PolicyNumber,PolicyEffectiveStartDate,
PolicyEffectiveEndDate,PaymentOption,
Active,PolicyAdditionalInfo,InsuranceCompanyID) VALUES(11,11,"2019-06-06","2026-09-09","","Yes","",4);


-- 52
INSERT INTO PolicyCoverage(PolicyCoverageID,CoverageID,PolicyID,Active,CreatedDate) VALUES(1,5,1,"YES","2022-04-14");
INSERT INTO PolicyCoverage(PolicyCoverageID,CoverageID,PolicyID,Active,CreatedDate) VALUES(2,4,2,"NO","2022-04-15");
INSERT INTO PolicyCoverage(PolicyCoverageID,CoverageID,PolicyID,Active,CreatedDate) VALUES(3,3,3,"YES","2022-04-16");
INSERT INTO PolicyCoverage(PolicyCoverageID,CoverageID,PolicyID,Active,CreatedDate) VALUES(4,2,4,"NO","2022-04-18");
INSERT INTO PolicyCoverage(PolicyCoverageID,CoverageID,PolicyID,Active,CreatedDate) VALUES(5,1,5,"YES","2022-04-24");

-- 53
INSERT INTO Claim(ClaimID,PatientID,InsuranceCompanyID,
ExpiryDate,InsuranceCardNo,BillID) VALUES(1,1,1,"2026-08-09",1,1);
INSERT INTO Claim(ClaimID,PatientID,InsuranceCompanyID,
ExpiryDate,InsuranceCardNo,BillID) VALUES(2,3,3,"2029-08-09",2,2);
INSERT INTO Claim(ClaimID,PatientID,InsuranceCompanyID,
ExpiryDate,InsuranceCardNo,BillID) VALUES(3,6,5,"2026-08-09",1,4);
INSERT INTO Claim(ClaimID,PatientID,InsuranceCompanyID,
ExpiryDate,InsuranceCardNo,BillID) VALUES(4,8,5,"2028-08-09",2,3);
INSERT INTO Claim(ClaimID,PatientID,InsuranceCompanyID,
ExpiryDate,InsuranceCardNo,BillID) VALUES(5,7,1,"2026-08-09",1,8);
INSERT INTO Claim(ClaimID,PatientID,InsuranceCompanyID,
ExpiryDate,InsuranceCardNo,BillID) VALUES(6,2,1,"2026-08-09",2,1);
INSERT INTO Claim(ClaimID,PatientID,InsuranceCompanyID,
ExpiryDate,InsuranceCardNo,BillID) VALUES(7,1,2,"2026-08-09",1,1);
INSERT INTO Claim(ClaimID,PatientID,InsuranceCompanyID,
ExpiryDate,InsuranceCardNo,BillID) VALUES(8,1,1,"2025-08-09",1,2);
INSERT INTO Claim(ClaimID,PatientID,InsuranceCompanyID,
ExpiryDate,InsuranceCardNo,BillID) VALUES(9,2,4,"2026-08-09",2,1);
INSERT INTO Claim(ClaimID,PatientID,InsuranceCompanyID,
ExpiryDate,InsuranceCardNo,BillID) VALUES(10,1,2,"2025-08-09",1,2);
INSERT INTO Claim(ClaimID,PatientID,InsuranceCompanyID,
ExpiryDate,InsuranceCardNo,BillID) VALUES(11,1,1,"2026-08-09",1,1);
INSERT INTO Claim(ClaimID,PatientID,InsuranceCompanyID,
ExpiryDate,InsuranceCardNo,BillID) VALUES(12,1,1,"2026-08-09",1,1);
INSERT INTO Claim(ClaimID,PatientID,InsuranceCompanyID,
ExpiryDate,InsuranceCardNo,BillID) VALUES(13,1,1,"2026-08-09",1,1);


-- 54
INSERT INTO PolicyEditLog(PolicyEditLogID,EditDate,AdditionalInfo,EditedBy) VALUES(1,"2022-04-20","","Jared");
INSERT INTO PolicyEditLog(PolicyEditLogID,EditDate,AdditionalInfo,EditedBy) VALUES(2,"2022-04-21","","John");
INSERT INTO PolicyEditLog(PolicyEditLogID,EditDate,AdditionalInfo,EditedBy) VALUES(3,"2022-04-22","","Jack");
INSERT INTO PolicyEditLog(PolicyEditLogID,EditDate,AdditionalInfo,EditedBy) VALUES(4,"2022-04-23","","Jaylan");
INSERT INTO PolicyEditLog(PolicyEditLogID,EditDate,AdditionalInfo,EditedBy) VALUES(5,"2022-04-24","","Jay");

-- 55
INSERT INTO RefClaimStatus(ClaimStatusID,ClaimStatusDescription,ClaimID) VALUES(1,"Processing",5);
INSERT INTO RefClaimStatus(ClaimStatusID,ClaimStatusDescription,ClaimID) VALUES(2,"Processed",4);
INSERT INTO RefClaimStatus(ClaimStatusID,ClaimStatusDescription,ClaimID) VALUES(3,"Processing",3);
INSERT INTO RefClaimStatus(ClaimStatusID,ClaimStatusDescription,ClaimID) VALUES(4,"Processed",2);
INSERT INTO RefClaimStatus(ClaimStatusID,ClaimStatusDescription,ClaimID) VALUES(5,"Processing",1);

-- 56
INSERT INTO DisputeArea(DisputeAreaCode,DisputeAreaDescription,DisputeArea) VALUES(1,"Tob be cleared","A");
INSERT INTO DisputeArea(DisputeAreaCode,DisputeAreaDescription,DisputeArea) VALUES(2," cleared","B");
INSERT INTO DisputeArea(DisputeAreaCode,DisputeAreaDescription,DisputeArea) VALUES(3,"Tob be cleared","A");
INSERT INTO DisputeArea(DisputeAreaCode,DisputeAreaDescription,DisputeArea) VALUES(4," cleared","C");
INSERT INTO DisputeArea(DisputeAreaCode,DisputeAreaDescription,DisputeArea) VALUES(5,"Tob be cleared","D");

-- 57
INSERT INTO ClaimProcessingStage(ClaimProcessingStageID,ClaimProcessingDate,
DisputeAreaCode,StartDate,EndDate,
ProcessingDescription,ClaimID) VALUES(1,"2022-01-04",1,"2021-02-08","2025-09-10","",1);
INSERT INTO ClaimProcessingStage(ClaimProcessingStageID,ClaimProcessingDate,
DisputeAreaCode,StartDate,EndDate,
ProcessingDescription,ClaimID) VALUES(2,"2022-08-01",2,"2022-02-08","2025-09-10","",2);
INSERT INTO ClaimProcessingStage(ClaimProcessingStageID,ClaimProcessingDate,
DisputeAreaCode,StartDate,EndDate,
ProcessingDescription,ClaimID) VALUES(3,"2021-01-01",1,"2021-02-08","2025-09-10","",3);
INSERT INTO ClaimProcessingStage(ClaimProcessingStageID,ClaimProcessingDate,
DisputeAreaCode,StartDate,EndDate,
ProcessingDescription,ClaimID) VALUES(4,"2022-01-06",4,"2021-02-08","2025-09-10","",3);
INSERT INTO ClaimProcessingStage(ClaimProcessingStageID,ClaimProcessingDate,
DisputeAreaCode,StartDate,EndDate,
ProcessingDescription,ClaimID) VALUES(5,"2022-01-01",2,"2021-02-08","2025-09-10","",2);
INSERT INTO ClaimProcessingStage(ClaimProcessingStageID,ClaimProcessingDate,
DisputeAreaCode,StartDate,EndDate,
ProcessingDescription,ClaimID) VALUES(6,"2022-01-01",1,"2021-02-08","2025-09-10","",3);
INSERT INTO ClaimProcessingStage(ClaimProcessingStageID,ClaimProcessingDate,
DisputeAreaCode,StartDate,EndDate,
ProcessingDescription,ClaimID) VALUES(7,"2022-01-01",1,"2021-02-08","2025-09-10","",7);
INSERT INTO ClaimProcessingStage(ClaimProcessingStageID,ClaimProcessingDate,
DisputeAreaCode,StartDate,EndDate,
ProcessingDescription,ClaimID) VALUES(8,"2022-01-01",1,"2021-02-08","2025-09-10","",4);
INSERT INTO ClaimProcessingStage(ClaimProcessingStageID,ClaimProcessingDate,
DisputeAreaCode,StartDate,EndDate,
ProcessingDescription,ClaimID) VALUES(9,"2022-01-01",1,"2021-02-08","2025-09-10","",2);
INSERT INTO ClaimProcessingStage(ClaimProcessingStageID,ClaimProcessingDate,
DisputeAreaCode,StartDate,EndDate,
ProcessingDescription,ClaimID) VALUES(10,"2022-01-01",2,"2021-02-08","2025-09-10","",4);
INSERT INTO ClaimProcessingStage(ClaimProcessingStageID,ClaimProcessingDate,
DisputeAreaCode,StartDate,EndDate,
ProcessingDescription,ClaimID) VALUES(11,"2022-01-01",1,"2021-02-08","2026-09-10","",1);
INSERT INTO ClaimProcessingStage(ClaimProcessingStageID,ClaimProcessingDate,
DisputeAreaCode,StartDate,EndDate,
ProcessingDescription,ClaimID) VALUES(12,"2022-01-01",1,"2021-02-08","2025-09-10","",1);
INSERT INTO ClaimProcessingStage(ClaimProcessingStageID,ClaimProcessingDate,
DisputeAreaCode,StartDate,EndDate,
ProcessingDescription,ClaimID) VALUES(13,"2022-01-01",1,"2021-02-08","2025-09-10","",1);
INSERT INTO ClaimProcessingStage(ClaimProcessingStageID,ClaimProcessingDate,
DisputeAreaCode,StartDate,EndDate,
ProcessingDescription,ClaimID) VALUES(14,"2022-01-01",1,"2021-02-08","2025-09-10","",4);
INSERT INTO ClaimProcessingStage(ClaimProcessingStageID,ClaimProcessingDate,
DisputeAreaCode,StartDate,EndDate,
ProcessingDescription,ClaimID) VALUES(15,"2025-01-01",4,"2022-02-08","2028-09-10","",3);
INSERT INTO ClaimProcessingStage(ClaimProcessingStageID,ClaimProcessingDate,
DisputeAreaCode,StartDate,EndDate,
ProcessingDescription,ClaimID) VALUES(16,"2022-01-01",1,"2021-02-08","2024-09-10","",4);
INSERT INTO ClaimProcessingStage(ClaimProcessingStageID,ClaimProcessingDate,
DisputeAreaCode,StartDate,EndDate,
ProcessingDescription,ClaimID) VALUES(17,"2022-01-01",1,"2021-02-08","2025-09-10","",1);
